aX	aY	aZ	gX	gY	gZ	
-0.0216	-0.9333	0.1772	196.7773	75.2563	56.8237
0.0118	-0.9314	0.1207	203.6743	65.1855	56.0913
0.0094	-0.9421	0.0764	207.0923	56.8848	55.4199
-0.0142	-0.9344	0.0341	206.1768	50.9644	54.3213
-0.0315	-0.9423	0.0089	205.3833	47.7295	52.1240
-0.0669	-0.9423	-0.0464	206.4209	45.0439	51.3306
-0.1312	-0.9188	-0.0811	208.6182	46.0815	51.3306
-0.1545	-0.8723	-0.1138	217.1021	54.8706	50.4761
-0.0995	-0.8390	-0.1671	232.9102	67.5049	50.6592
-0.0219	-0.8246	-0.2183	250.1221	76.9043	51.8188
0.0013	-0.8335	-0.3066	265.6860	82.0313	51.3916
-0.0143	-0.8690	-0.4304	274.7192	85.6323	49.6826
0.0242	-0.9354	-0.5571	271.0571	86.5479	46.9360
0.0763	-1.0114	-0.6395	249.6338	81.9092	42.4194
0.1002	-1.0421	-0.6571	216.2476	74.2798	35.7666
0.0774	-1.0044	-0.6489	182.4951	63.9648	28.0762
0.0260	-0.9149	-0.6326	158.8745	50.5371	21.4844
-0.0162	-0.8350	-0.6442	148.1323	37.2925	17.8833
-0.0693	-0.7700	-0.6462	146.9727	30.0293	16.8457
-0.0911	-0.7091	-0.6757	155.4565	29.9072	18.3716
-0.0999	-0.7297	-0.7900	169.4946	35.5225	20.7520
-0.0723	-0.8044	-0.8711	175.0488	49.1333	23.4375
-0.0706	-0.8390	-0.9513	166.5649	64.5142	24.8413
-0.0747	-0.8234	-1.0029	148.9868	76.4771	24.3530
-0.0908	-0.7853	-1.0134	129.5166	80.5054	24.8413
-0.0950	-0.7533	-1.0381	113.5864	84.9609	24.5361
-0.0223	-0.7576	-1.1023	99.7314	89.7217	20.7520
0.0762	-0.7933	-1.1647	82.8247	87.5244	15.1978
0.1444	-0.8582	-1.3163	59.5703	75.9888	8.2397
0.1593	-0.9702	-1.5585	22.1558	57.9834	1.3428
0.1239	-1.0588	-1.6458	-39.4897	37.4756	-5.0049
0.0139	-1.1323	-1.6587	-115.9668	20.2026	-13.9160
-0.0001	-1.1688	-1.8058	-198.7915	9.2163	-24.2310
-0.0842	-1.1404	-1.7769	-293.8843	-2.1362	-35.4004
-0.1475	-0.9811	-1.7369	-386.1694	-9.5215	-47.4243
-0.1311	-0.7933	-1.7653	-468.6279	-19.2871	-58.1055
0.0139	-0.6500	-1.7499	-541.0767	-33.2642	-66.7114
0.2421	-0.4829	-1.6047	-593.8110	-55.8472	-78.3691
0.4608	-0.3885	-1.3813	-623.7183	-97.2900	-94.3604
0.5785	-0.3982	-1.1923	-641.9067	-150.6958	-116.7603
0.6377	-0.3586	-1.0162	-654.1748	-203.6133	-148.1934
0.5037	-0.1056	-0.8528	-666.5649	-257.4463	-188.4155
0.0665	0.2507	-0.4210	-673.2178	-305.9692	-228.7598
-0.5260	0.2329	-0.0104	-646.8506	-337.8906	-262.0850
-0.9817	0.0762	0.3647	-598.2666	-333.1299	-270.3247
-1.1255	0.2063	0.6221	-546.3867	-286.8042	-255.0049
-1.0576	0.4634	0.8723	-484.3140	-225.2197	-233.8867
-1.1576	0.7642	1.2400	-416.6260	-180.9082	-203.3691
-1.5969	0.8964	1.6605	-337.0361	-157.3486	-157.1655
-1.9495	0.8431	1.9343	-240.9668	-123.1689	-98.8770
-1.8958	0.7428	1.9005	-134.8877	-62.8662	-38.8794
-1.4734	0.5826	1.6478	-37.9028	6.2866	17.2119
-1.0095	0.3721	1.3645	36.0107	58.4717	62.1948
-0.7173	0.1771	1.1135	83.4351	82.1533	88.5620
-0.5229	0.0071	0.9519	108.7036	78.3691	101.2573
-0.4105	-0.1617	0.8223	119.7510	56.8848	106.9336
-0.3893	-0.3173	0.6879	122.4365	31.7993	106.3843
-0.4177	-0.4479	0.5673	118.2251	10.7422	101.8066
-0.4601	-0.5510	0.5054	106.6895	-4.3335	94.9707
-0.5275	-0.6505	0.5001	94.0552	-14.2212	87.4023
-0.5861	-0.7322	0.5057	85.3882	-17.5171	80.3833
-0.6508	-0.7742	0.5278	82.0313	-16.6016	79.3457
-0.6716	-0.8606	0.5664	87.9517	-8.7280	76.9043
-0.7394	-0.8501	0.5940	102.7832	4.8218	70.9839
-0.7333	-0.8668	0.5736	118.7744	12.1460	78.8574
-0.6324	-0.8732	0.5367	132.4463	22.7051	88.2568
-0.5391	-0.8331	0.5348	142.3340	35.2173	94.9097
-0.4818	-0.8185	0.5228	151.8555	43.0298	98.6328
-0.4178	-0.7987	0.5125	158.6304	48.1567	100.9521
-0.3607	-0.7742	0.4850	162.1094	51.2085	101.6235
-0.3292	-0.7594	0.4551	163.3301	49.9878	101.2573
-0.3474	-0.7430	0.4617	165.3442	47.1191	99.3042
-0.4332	-0.7339	0.4600	171.9971	48.4009	97.9614
-0.4093	-0.7439	0.4054	183.3496	57.8003	99.4263
-0.3568	-0.7401	0.3619	196.7163	74.7681	100.4028
-0.3091	-0.7357	0.3235	211.9141	94.9707	98.6938
-0.2216	-0.7610	0.2574	227.8442	113.5254	95.6421
-0.1235	-0.7979	0.1929	241.8213	125.3052	90.1489
-0.0197	-0.8082	0.1735	252.8076	127.3193	85.8154
0.0535	-0.7952	0.1547	265.2588	118.2861	85.6323
0.1165	-0.7996	0.0745	278.6865	98.3276	88.9282
0.1479	-0.8258	-0.0369	287.9028	68.0542	94.5435
0.1233	-0.8467	-0.1552	289.6729	33.5083	97.7173
0.0476	-0.8524	-0.2531	286.7432	3.6621	98.9380
-0.0513	-0.8676	-0.3031	281.0059	-14.2212	99.6094
-0.1150	-0.8740	-0.3440	273.3154	-18.0054	99.5483
-0.1460	-0.8691	-0.4075	264.8315	-9.5215	97.2900
-0.1556	-0.8466	-0.4645	256.1035	6.9580	92.8955
-0.1069	-0.8179	-0.5425	249.4507	27.4658	87.9517
-0.0271	-0.8086	-0.6587	242.3096	47.0581	83.9844
0.0574	-0.8422	-0.7478	228.6377	63.2935	81.5430
0.1304	-0.8884	-0.7836	210.0830	72.5708	77.3315
0.1456	-0.9205	-0.7886	188.4155	74.2798	69.4580
0.1328	-0.9108	-0.7814	165.5884	68.6035	61.0962
0.1322	-0.8715	-0.7759	147.8882	60.3027	52.9785
0.1320	-0.8187	-0.7510	138.0005	53.1616	45.5933
0.1110	-0.7551	-0.7327	136.4136	49.5605	39.0015
0.1440	-0.6913	-0.7606	144.5923	49.5605	33.8745
0.1943	-0.6683	-0.8081	156.7993	43.7012	30.5786
0.1632	-0.7128	-0.9539	166.4429	32.4707	27.4658
0.1075	-0.7783	-1.1273	163.5132	25.5737	23.1934
0.0605	-0.8162	-1.2245	144.7754	25.1465	17.6392
0.0397	-0.8376	-1.2517	113.4644	31.4331	12.1460
0.0145	-0.8270	-1.2467	77.5146	40.2222	8.2397
-0.0270	-0.7566	-1.2358	46.1426	51.6968	3.6011
-0.0282	-0.6422	-1.2510	25.5737	65.8569	-2.1362
0.0358	-0.5602	-1.3481	15.8081	74.7681	-7.1411
0.0903	-0.6091	-1.4926	7.6294	73.4253	-11.8408
0.0918	-0.7227	-1.6527	-10.8643	68.7256	-17.7612
0.0851	-0.8394	-1.7538	-48.7671	64.0259	-23.9258
0.0527	-0.9619	-1.8416	-106.1401	55.7861	-31.0669
-0.0044	-1.0803	-2.0398	-182.4341	46.5698	-39.2456
-0.0918	-1.0790	-2.0891	-280.2124	41.4429	-48.6450
-0.1372	-0.8757	-1.9259	-377.8687	39.1846	-58.6548
-0.1306	-0.6411	-1.7760	-453.0029	27.5879	-66.1621
0.0050	-0.5737	-1.6608	-503.6621	4.7607	-68.5425
0.2295	-0.6287	-1.5641	-534.7900	-28.8696	-70.0684
0.3965	-0.6892	-1.4276	-558.8379	-74.1577	-80.9326
0.3944	-0.6820	-1.3229	-580.2612	-121.0327	-104.2480
0.3202	-0.5706	-1.1023	-603.0884	-159.4849	-139.5874
0.2814	-0.3125	-0.8221	-627.1362	-198.3643	-176.2085
0.2076	-0.0667	-0.7109	-645.0806	-242.4316	-206.0547
-0.1191	0.1628	-0.3080	-650.1465	-282.2266	-238.5254
-0.5992	0.2848	0.1453	-622.9858	-302.1240	-265.0757
-1.2548	0.3577	0.6793	-565.4907	-281.3721	-267.0898
-1.5200	0.4375	1.1431	-491.6992	-214.7217	-240.2344
-1.4170	0.4126	1.4028	-401.9165	-129.3335	-195.0684
-1.2538	0.4640	1.4823	-315.3687	-53.1006	-144.4702
-1.0604	0.6053	1.5336	-244.2627	-3.3569	-99.1821
-0.8374	0.6741	1.5746	-186.8286	21.5454	-57.3730
-0.7238	0.6838	1.6031	-133.9111	25.2075	-17.2729
-0.7169	0.6099	1.5746	-83.4961	14.5874	14.8315
-0.7284	0.4868	1.4869	-34.6069	4.4556	35.7666
-0.6584	0.3577	1.3362	8.5449	2.3193	49.0723
-0.5802	0.1992	1.1716	42.4805	5.6763	57.2510
-0.5602	0.0558	1.0471	65.4297	8.9722	59.1431
-0.5753	-0.0620	0.9971	80.0171	11.7187	57.0679
-0.5214	-0.1638	0.9580	94.1772	15.5029	55.2368
-0.4858	-0.2712	0.8920	110.2905	20.1416	55.2368
-0.4856	-0.3850	0.8214	125.7324	21.7896	57.0068
-0.5168	-0.5070	0.7589	140.1367	19.0430	61.0352
-0.5651	-0.5742	0.7014	153.5034	14.0991	71.0449
-0.6021	-0.6592	0.6281	169.3115	17.0288	81.7871
-0.5793	-0.6886	0.5516	185.4858	32.5317	89.7217
-0.5004	-0.7268	0.4961	194.2139	41.1377	103.8208
-0.4460	-0.7625	0.4415	200.0122	44.3726	116.9434
-0.4225	-0.7881	0.4099	203.4912	45.8984	125.7324
-0.3458	-0.7877	0.3690	206.9702	51.8799	129.0283
-0.3330	-0.7968	0.3367	212.0361	58.1055	128.5400
-0.3754	-0.8074	0.3180	218.0786	61.8286	128.1738
-0.3318	-0.8060	0.2717	226.3794	68.7866	128.2959
-0.2603	-0.8318	0.2125	238.8916	80.2612	127.1362
-0.1774	-0.8739	0.1401	252.8076	91.3086	124.9390
-0.1088	-0.9150	0.0818	268.0664	98.6328	120.3613
-0.0508	-0.9318	0.0500	283.0811	102.2949	113.5864
-0.0109	-0.9275	0.0010	296.9360	101.8677	106.6284
0.0160	-0.9137	-0.0820	308.6548	98.0835	99.3652
0.0006	-0.9094	-0.1781	314.6973	90.5151	93.7500
-0.0292	-0.9023	-0.3098	314.0259	83.1909	90.0269
-0.0586	-0.9131	-0.4474	308.5937	80.4443	87.5244
-0.0605	-0.9033	-0.5262	299.1943	81.3599	85.8154
-0.0205	-0.8770	-0.5684	289.1846	88.9282	84.2896
0.0790	-0.8787	-0.5908	280.8838	95.7642	84.4116
0.1597	-0.9065	-0.6007	272.7051	94.0552	83.0688
0.1799	-0.9319	-0.6198	262.3291	82.2754	80.0781
0.1633	-0.9340	-0.6619	249.8169	61.2793	74.1577
0.1260	-0.9049	-0.6926	235.4736	35.4614	67.3828
0.0880	-0.9038	-0.7976	218.4448	15.3809	60.9131
0.0598	-0.9165	-0.8562	195.6177	6.9580	54.9927
0.0377	-0.9215	-0.8881	169.5557	9.7656	48.6450
0.0214	-0.9292	-0.9254	140.9912	18.3716	42.4805
-0.0018	-0.9037	-0.9214	112.6099	25.6958	37.2314
-0.0304	-0.8459	-0.9032	88.5010	31.9214	32.7759
-0.0594	-0.7836	-0.8812	72.6318	38.6963	28.9917
-0.0861	-0.7445	-0.8644	65.6738	48.5229	26.1841
-0.0909	-0.7146	-0.8447	66.2842	63.2324	24.2310
-0.0802	-0.7167	-0.8705	71.2280	80.4443	22.7051
-0.0504	-0.7612	-0.9711	73.8525	94.4824	20.8130
0.0089	-0.8191	-1.0599	65.7959	104.7974	19.6533
0.0752	-0.8647	-1.1077	43.9453	110.7178	18.7378
0.1117	-0.8889	-1.0923	13.9160	109.4360	15.9912
0.0857	-0.8983	-1.1603	-18.2495	99.9756	12.3291
0.0760	-0.9006	-1.2202	-54.4434	85.7544	7.1411
0.0796	-0.8679	-1.1858	-93.5059	67.6880	-1.9531
0.0952	-0.8086	-1.1758	-124.1455	49.0723	-13.6719
0.1204	-0.8391	-1.3463	-147.6440	27.6489	-26.5503
0.0823	-1.0044	-1.5363	-186.2183	1.5869	-35.8887
0.0295	-1.1105	-1.5667	-249.5117	-20.7520	-43.0908
-0.0511	-1.0624	-1.5297	-323.8525	-40.6494	-52.0020
-0.0918	-0.9662	-1.5507	-395.5688	-62.1338	-59.9976
-0.0601	-0.8241	-1.5322	-463.4399	-86.8530	-62.0728
0.0757	-0.7097	-1.4854	-515.8081	-117.9810	-63.6597
0.1844	-0.6632	-1.2716	-554.9316	-159.1797	-70.6787
0.0599	-0.5631	-0.9532	-574.0356	-201.4771	-86.5479
-0.2328	-0.5741	-0.6700	-566.9556	-235.1685	-107.1777
-0.5068	-0.6375	-0.4734	-557.0068	-240.8447	-115.6616
-0.4714	-0.6100	-0.2205	-549.6826	-217.9565	-115.4785
-0.2552	-0.3981	0.2948	-518.1885	-193.2983	-116.2720
-0.2725	-0.1818	0.5963	-454.8950	-178.9551	-119.5679
-0.5718	0.1439	0.8262	-395.6299	-182.8003	-111.5723
-0.7650	0.3846	1.1404	-351.5015	-184.3262	-96.0693
-0.8369	0.3907	1.5121	-299.0723	-166.0767	-81.3599
-0.9723	0.3270	1.7506	-231.7505	-134.6436	-60.3027
-1.1466	0.2463	1.7716	-162.4146	-99.5483	-36.9263
-1.1118	0.2069	1.6360	-98.2666	-58.4106	-18.3716
-0.7671	0.1799	1.4458	-44.3726	-9.3994	-2.5024
-0.4464	0.0735	1.2924	-2.6245	29.9072	11.5967
-0.2706	-0.0796	1.1632	28.1372	42.2363	22.7661
-0.2229	-0.2271	1.0492	48.0347	30.1514	27.6489
-0.2471	-0.3469	0.9381	59.8755	9.9487	27.7100
-0.2969	-0.4469	0.8372	66.7725	-4.9438	26.1841
-0.3698	-0.5186	0.7450	71.4722	-12.2070	25.6348
-0.4519	-0.6012	0.6770	77.2095	-14.7705	26.7334
-0.5265	-0.7166	0.5828	88.1348	-10.4980	27.4048
-0.5713	-0.8219	0.4908	101.8066	-0.6104	29.2358
-0.5994	-0.9039	0.4227	113.4644	9.8267	34.7900
-0.5374	-0.9489	0.3804	121.8872	21.4844	42.4805
-0.4752	-0.9698	0.3589	126.8311	34.7290	50.4761
-0.3993	-0.9794	0.3368	128.3569	43.9453	57.0679
-0.3219	-0.9628	0.3202	126.0376	44.5557	61.4624
-0.2686	-0.9252	0.3350	121.7041	39.3677	63.6597
-0.2585	-0.8953	0.3887	117.9199	31.3721	65.1245
-0.2897	-0.8883	0.4351	118.8354	22.6440	67.0166
-0.3478	-0.8813	0.4569	125.6104	17.5781	70.3735
-0.3232	-0.8817	0.4421	137.0239	22.8882	75.4395
-0.2965	-0.8848	0.4019	150.6958	36.2549	79.6509
-0.3047	-0.8807	0.3776	165.7715	52.1240	81.2988
-0.2695	-0.8944	0.2992	182.6782	68.9697	81.9702
-0.2026	-0.9034	0.2343	198.9136	86.1816	82.0313
-0.1226	-0.9103	0.1732	213.6841	100.3418	80.0781
-0.0532	-0.9078	0.1193	226.5015	110.7178	75.8057
-0.0120	-0.9158	0.0496	236.2061	114.9292	70.4956
0.0222	-0.9248	0.0007	242.4927	112.4878	66.3452
0.0419	-0.9343	-0.0048	246.8872	105.5298	64.0869
0.0298	-0.9320	-0.0530	250.2441	96.1304	63.5376
0.0236	-0.9457	-0.1726	252.3193	86.3037	63.5986
0.0210	-0.9840	-0.3086	246.2158	73.3643	64.8804
0.0011	-0.9987	-0.3961	230.5298	59.7534	64.6973
-0.0098	-0.9873	-0.4458	211.9751	49.7437	63.5376
-0.0182	-0.9805	-0.4849	194.7632	41.2598	64.5752
-0.0576	-0.9652	-0.4878	179.9316	35.1563	65.5518
-0.0806	-0.9374	-0.4995	171.1426	35.2173	67.3218
-0.0482	-0.9357	-0.5411	166.9922	40.2832	68.9697
0.0203	-0.9531	-0.5701	161.9263	46.9971	69.6411
0.0470	-0.9766	-0.5978	153.3813	50.9033	69.1528
0.0743	-0.9996	-0.6550	140.5029	52.4292	67.5049
0.1393	-1.0404	-0.6981	121.6431	48.9502	64.5142
0.1664	-1.0819	-0.7356	95.5811	41.2598	58.5938
0.1429	-1.0815	-0.7654	64.9414	32.9590	48.1567
0.1044	-1.0261	-0.7614	35.2783	26.7334	34.7290
0.0830	-0.9481	-0.7098	14.2822	23.5596	22.2168
0.0723	-0.8923	-0.6525	5.5542	25.8179	12.2070
0.0392	-0.8663	-0.6113	7.2632	33.6304	5.2490
0.0157	-0.8652	-0.5869	14.4653	44.7388	1.6479
0.0459	-0.8888	-0.5844	23.4375	55.6030	0.0610
0.1163	-0.8989	-0.5970	31.8604	61.1572	2.5024
0.1488	-0.9139	-0.6353	35.7666	57.8613	5.9814
0.1263	-0.9332	-0.6798	35.1563	48.1567	7.3853
0.0862	-0.9371	-0.6938	29.2969	36.7432	7.1411
0.0468	-0.9443	-0.7170	20.4468	27.4658	6.2256
0.0376	-0.9709	-0.7372	9.4604	22.4609	4.2114
0.0310	-0.9962	-0.7712	-3.4180	21.4844	0.4272
0.0601	-1.0227	-0.8752	-19.7144	23.2544	-5.1880
0.1125	-1.0615	-0.9819	-45.0439	25.2075	-11.7187
0.2070	-1.1202	-1.0791	-80.4443	25.6958	-20.6909
0.2415	-1.1731	-1.1212	-126.8921	18.9819	-34.1797
0.2091	-1.2083	-1.3199	-180.1758	1.4038	-50.2930
0.1428	-1.1969	-1.4716	-248.7183	-20.5078	-67.3218
0.1510	-1.0902	-1.4320	-326.8433	-38.8794	-82.5195
0.2323	-1.0001	-1.4185	-394.5923	-66.8335	-93.4448
0.3151	-0.9917	-1.4254	-452.4536	-114.3799	-104.5532
0.3833	-0.9307	-1.3978	-501.0986	-171.4478	-119.0186
0.3998	-0.7933	-1.2463	-540.2832	-227.2949	-137.5732
0.3304	-0.6454	-1.0325	-566.4062	-272.7661	-164.5508
0.0898	-0.3993	-0.8478	-579.9561	-306.7627	-203.6133
-0.2836	-0.1958	-0.3746	-577.3315	-336.6699	-243.2861
-0.7808	-0.2250	0.0359	-540.7715	-334.5947	-259.4604
-1.2578	-0.1248	0.4457	-495.4834	-266.7236	-249.7559
-1.3456	0.0328	0.9266	-440.2466	-168.9453	-222.2290
-1.1760	0.1570	1.3475	-369.1406	-73.9136	-179.8096
-0.9817	0.1949	1.5653	-288.5132	-7.2632	-133.3618
-0.8074	0.1941	1.6014	-212.0972	18.8599	-89.5996
-0.6908	0.2224	1.5232	-148.4375	17.6392	-51.3306
-0.6509	0.2211	1.3887	-97.7783	4.6997	-20.2637
-0.6398	0.1509	1.2213	-59.6313	-5.3101	5.5542
-0.5876	0.0786	1.0680	-32.9590	-6.2866	23.9258
-0.5718	0.0262	1.0410	-14.3433	-5.0659	32.8369
-0.5632	-0.0526	1.0482	4.2725	-3.5400	37.4146
-0.5012	-0.1479	1.0221	25.2686	-0.7935	38.3301
-0.4948	-0.2262	0.9955	44.8608	0.9155	35.6445
-0.5233	-0.3073	0.9513	63.2324	3.1128	32.4707
-0.5726	-0.3832	0.9194	83.6792	8.6670	32.4707
-0.5791	-0.4615	0.8903	104.6753	14.5874	38.5742
-0.5444	-0.5522	0.8264	125.6714	22.8271	48.4619
-0.5134	-0.6473	0.7017	144.9585	34.8511	57.0679
-0.4441	-0.7388	0.5852	158.0811	40.6494	69.3970
-0.3987	-0.7937	0.4971	163.8794	41.0156	78.1860
-0.3801	-0.8322	0.4293	164.5508	39.0625	82.8857
-0.3384	-0.8564	0.3700	162.2314	38.0249	85.5713
-0.3871	-0.8682	0.4219	156.0669	37.5977	86.0596
-0.4032	-0.8387	0.4686	150.3906	37.3535	83.1909
-0.4449	-0.8397	0.4692	156.8604	35.3394	82.2754
-0.4546	-0.8442	0.4493	165.5273	43.1519	83.9844
-0.4049	-0.8462	0.4094	178.2227	58.1665	85.9985
-0.3795	-0.8597	0.3339	193.5425	75.3784	85.5103
-0.3065	-0.8907	0.2715	205.9326	93.5669	82.8247
-0.2113	-0.8884	0.2349	212.9517	109.7412	78.8574
-0.1198	-0.8995	0.1910	219.1162	121.7651	73.9746
-0.0459	-0.9254	0.1288	223.9990	126.4648	69.3970
0.0189	-0.9551	0.0963	225.9521	123.1079	66.2842
0.0503	-0.9669	0.0764	227.2339	111.9995	64.6362
0.0215	-0.9567	0.0365	227.6611	96.2524	62.6221
-0.0406	-0.9470	-0.0122	227.1118	83.1909	62.0117
-0.0839	-0.9551	-0.0634	226.9287	73.3032	63.1714
-0.0745	-0.9517	-0.1311	226.0742	68.9087	63.9648
-0.0507	-0.9514	-0.1818	223.8770	69.2749	62.0117
-0.0275	-0.9661	-0.2524	221.6187	70.9229	58.9600
-0.0179	-0.9957	-0.3435	215.8203	69.8242	56.2744
0.0034	-1.0161	-0.4055	203.8574	66.3452	53.1006
0.0574	-1.0258	-0.4308	185.7300	59.7534	51.0864
0.0928	-1.0471	-0.4537	165.8325	49.0112	50.4761
0.1146	-1.0674	-0.4470	144.1650	35.8887	49.6216
0.0929	-1.0720	-0.4550	122.8027	19.5923	47.7905
0.0305	-1.0546	-0.4365	102.2949	4.8828	45.2271
0.0243	-1.0074	-0.4237	86.1816	-4.1504	43.4570
0.0090	-0.9950	-0.4724	75.8667	-6.5308	41.7480
-0.0032	-0.9928	-0.5023	66.3452	-1.7090	39.9780
0.0065	-0.9810	-0.4764	58.2275	10.8643	37.8418
0.0338	-0.9792	-0.4581	51.9409	23.2544	34.9731
0.0521	-0.9866	-0.4583	47.3022	27.8931	33.0200
0.0548	-0.9863	-0.4906	43.0908	29.4800	31.7383
0.0598	-0.9773	-0.4849	38.5742	32.5928	28.0762
0.0941	-0.9554	-0.4827	36.2549	34.4238	23.0713
0.1085	-0.9375	-0.4948	38.1470	33.7524	17.8833
0.1091	-0.9369	-0.5209	41.3208	32.4097	14.0381
0.1014	-0.9628	-0.5828	42.4194	29.1748	11.0474
0.0884	-0.9839	-0.6228	37.7197	24.2310	7.9346
0.0280	-0.9923	-0.6345	28.5034	20.6299	4.5166
0.0050	-0.9753	-0.6639	20.1416	21.7285	0.5493
0.0210	-0.9547	-0.7004	13.5498	24.8413	-1.2207
0.0508	-0.9688	-0.7126	6.0425	29.2358	-2.5024
0.0872	-0.9875	-0.7043	-3.1128	33.8745	-5.0049
0.0876	-1.0043	-0.7479	-12.0239	31.9824	-7.1411
0.0945	-1.0527	-0.8879	-25.0244	23.6816	-9.2773
0.1699	-1.1163	-1.0078	-49.5605	12.4512	-14.8315
0.1803	-1.1738	-1.0938	-88.9282	-1.8311	-22.7661
0.1389	-1.2008	-1.1625	-137.8174	-16.7847	-34.9121
0.1211	-1.2162	-1.2968	-192.1387	-33.3252	-49.6216
0.1564	-1.2175	-1.4521	-253.2349	-52.7954	-64.6362
0.1770	-1.1956	-1.4424	-321.2891	-77.3926	-79.5898
0.1937	-1.1060	-1.3784	-382.0190	-104.5532	-97.1680
0.1870	-0.9924	-1.3076	-429.4434	-136.5967	-111.3281
0.1774	-0.9419	-1.2084	-466.5527	-166.1377	-120.4834
0.1656	-0.8508	-1.0818	-499.5117	-189.0259	-132.3242
0.1146	-0.6792	-0.9202	-531.4331	-205.9937	-147.9492
0.0795	-0.4626	-0.5417	-556.5186	-219.4824	-166.3818
0.0472	-0.3600	-0.4105	-562.0728	-233.2153	-182.0679
-0.0315	-0.2042	-0.1885	-564.3311	-241.5771	-197.6929
-0.3264	0.0795	0.2578	-560.5469	-244.2627	-213.8672
-0.8153	0.2307	0.7811	-529.8462	-235.2905	-224.7314
-1.1139	0.3649	1.2423	-469.6045	-204.6509	-215.2100
-1.3823	0.5336	1.6597	-384.4604	-159.4849	-180.2368
-1.4373	0.6503	1.9662	-283.2031	-103.9429	-131.6528
-1.4366	0.7255	2.0609	-180.6641	-51.5747	-76.5381
-1.3844	0.6917	1.9148	-88.9893	-4.0283	-23.0713
-1.0865	0.6072	1.6881	-16.6016	43.0298	19.1040
-0.7338	0.5222	1.4402	33.6914	78.9185	51.8188
-0.4847	0.4008	1.2043	64.0259	94.2383	72.2656
-0.2798	0.2405	1.0314	77.3315	88.6841	78.3081
-0.1572	0.0969	0.9763	78.7964	64.9414	75.5005
-0.1943	-0.0337	0.9602	77.8809	31.0059	69.0308
-0.3075	-0.1500	0.9135	79.2236	-0.1831	62.5000
-0.4402	-0.2657	0.8583	83.3740	-19.3481	57.6782
-0.5758	-0.3767	0.8491	91.9800	-23.4375	55.7251
-0.6495	-0.5129	0.8173	108.6426	-12.2070	57.8003
-0.6250	-0.6316	0.7743	131.2256	6.4697	62.7441
-0.5607	-0.7058	0.7227	155.8838	22.7051	72.4487
-0.4836	-0.8431	0.5906	181.0913	42.3584	73.9136
-0.4423	-0.8772	0.4735	197.2656	62.4390	73.1201
-0.3496	-0.9274	0.3599	200.1953	63.5376	82.8247
-0.2489	-0.9606	0.2515	193.3594	60.7910	89.7827
-0.1534	-0.9664	0.2352	177.6733	57.9834	93.3228
-0.1241	-0.9535	0.2816	159.6069	51.2085	90.5762
-0.1902	-0.9219	0.3757	146.4844	38.8184	83.5571
-0.2352	-0.9242	0.4292	144.3481	26.4282	77.5757
-0.2758	-0.9023	0.4445	151.6724	21.7896	73.5474
-0.3311	-0.8945	0.4058	167.8467	28.1982	68.4204
-0.3688	-0.9030	0.3571	188.2935	46.4478	61.3403
-0.3496	-0.9081	0.2506	208.3740	73.6084	53.3447
-0.2302	-0.9489	0.0963	221.7407	104.3091	46.3257
-0.0463	-1.0037	0.0065	221.2524	127.8687	44.0063
0.1047	-1.0292	-0.0326	208.7402	137.4512	44.4336
0.1833	-1.0527	-0.0428	188.9648	130.8594	45.8984
0.2081	-1.0718	0.0081	166.1987	105.7739	46.6919
0.1600	-1.0363	0.0828	147.9492	69.7021	47.2412
0.0439	-0.9938	0.0970	138.0005	36.0107	50.5981
-0.0593	-0.9730	0.0742	135.6201	18.0664	54.2603
-0.1134	-0.9567	0.0455	138.6719	15.2588	55.4199
-0.1343	-0.9534	-0.0520	145.1416	24.3530	54.1992
-0.1078	-0.9872	-0.1510	149.9023	42.3584	49.8657
-0.0262	-1.0267	-0.2039	146.9116	64.3311	44.2505
0.0552	-1.0851	-0.2645	135.6812	78.2471	39.1235
0.1445	-1.1208	-0.2906	116.5771	77.3315	34.7290
0.2058	-1.1130	-0.2789	93.3228	60.3027	30.7617
0.1753	-1.0790	-0.2506	72.7539	33.3252	27.1606
0.1075	-1.0522	-0.2344	59.4482	7.6904	24.7192
0.0166	-1.0144	-0.2214	53.6499	-8.7280	23.1323
-0.0699	-0.9877	-0.1752	56.3354	-10.6812	21.8506
-0.1477	-0.9784	-0.1907	67.3828	1.3428	20.9351
-0.1404	-1.0112	-0.3027	79.6509	22.2168	21.1792
-0.0618	-1.0452	-0.3485	83.4961	45.4102	21.4844
0.0039	-1.0812	-0.3835	78.5522	64.3311	20.7520
0.0721	-1.0988	-0.3727	67.6270	72.0215	18.1274
0.1171	-1.0812	-0.3621	55.9692	65.5518	15.3809
0.1161	-1.0424	-0.3448	47.3022	52.3682	12.7563
0.0739	-1.0071	-0.3286	44.8608	40.4663	10.4980
0.0107	-0.9913	-0.3210	48.4619	34.6069	9.4604
-0.0205	-0.9882	-0.3505	57.2510	36.7432	9.9487
-0.0490	-1.0138	-0.4784	65.7349	44.7388	8.8501
0.0127	-1.0934	-0.7271	65.1245	57.2510	5.8594
0.1617	-1.2299	-1.0564	41.0767	65.7959	1.2207
0.2524	-1.3387	-1.3196	-18.1885	63.2935	-7.8125
0.2057	-1.3989	-1.4261	-105.3467	51.0864	-25.9399
0.1837	-1.3563	-1.4901	-196.2280	35.2173	-49.9268
0.1998	-1.2983	-1.4335	-272.3999	7.4463	-71.9604
0.1599	-1.2607	-1.4287	-329.0405	-38.1470	-83.1299
0.2484	-1.2299	-1.5428	-373.7183	-89.9048	-89.7827
0.4144	-1.2526	-1.5118	-424.7437	-139.8926	-101.4404
0.4679	-1.0804	-1.4487	-478.2715	-191.5283	-116.0278
0.4114	-0.8088	-1.3214	-522.8271	-242.2485	-133.4839
0.2356	-0.5648	-1.0350	-553.4668	-287.9028	-151.1841
0.0298	-0.4111	-0.7113	-573.4253	-312.2559	-167.0532
-0.2401	-0.1929	-0.4600	-589.4775	-314.8804	-184.6924
-0.5414	0.1885	-0.0245	-602.4780	-305.0537	-201.4160
-0.9135	0.6954	0.7401	-585.6323	-268.3716	-207.8857
-1.3196	1.0804	1.7881	-519.1650	-206.0547	-201.4771
-1.7991	1.1564	2.4336	-394.7754	-129.3945	-181.2134
-1.7073	1.1487	2.5894	-249.7559	-59.6313	-140.8691
-1.4548	1.0760	2.3767	-111.4502	7.3853	-92.5293
-1.1050	0.9664	2.0876	-4.4556	72.5708	-42.9077
-0.6996	0.7927	1.7849	69.9463	112.2437	9.7656
-0.4103	0.5941	1.4674	114.0747	116.5771	49.3164
-0.2299	0.3828	1.1743	132.3242	95.7642	70.3125
-0.1302	0.1688	0.9465	130.1880	61.5234	80.8105
-0.1322	-0.0336	0.7965	113.9526	24.6582	82.3975
-0.2183	-0.2263	0.7162	91.8579	-8.1177	75.6836
-0.3354	-0.4148	0.6716	73.5474	-29.4800	63.7817
-0.4590	-0.5930	0.6385	63.4766	-37.5366	49.9878
-0.6085	-0.7490	0.6534	64.8193	-34.7900	38.0249
-0.6876	-0.8773	0.6628	77.2705	-23.9868	30.1514
-0.6686	-0.9510	0.6627	96.0083	-11.0474	27.0386
-0.6591	-0.9680	0.6517	115.7837	2.1362	28.6255
-0.6440	-0.9578	0.5747	132.7515	14.2212	36.9263
-0.5803	-0.9918	0.4861	143.8599	26.7944	48.1567
-0.5253	-0.9424	0.4316	146.1182	46.3867	52.3682
-0.4261	-0.9180	0.4293	138.1836	49.4995	66.7114
-0.3265	-0.8763	0.4282	125.6714	43.0908	77.8809
-0.3513	-0.7996	0.6262	110.2295	31.2500	82.7026
-0.3666	-0.7050	0.6019	104.1870	16.2964	81.7261
-0.3872	-0.7844	0.5699	118.2251	0.0610	85.9985
-0.4158	-0.7501	0.6023	131.5918	5.6763	86.3647
-0.4648	-0.7518	0.5845	150.5737	21.2402	85.0830
-0.4219	-0.7805	0.5149	171.2036	40.7104	82.3364
-0.3323	-0.7871	0.4264	188.9038	65.3076	75.1953
-0.2263	-0.8081	0.3417	202.1484	88.5010	65.7959
-0.0908	-0.8615	0.2444	208.3740	103.2715	57.1289
0.0068	-0.9045	0.1649	204.4678	107.6050	50.1099
0.0480	-0.9464	0.1337	193.1763	103.2104	44.3115
0.0520	-0.9600	0.1600	178.4668	90.9424	38.8794
0.0063	-0.9468	0.1755	165.3442	75.1343	35.5225
-0.0548	-0.9675	0.1718	156.1890	61.7065	35.4614
-0.0717	-0.9816	0.1340	150.2686	56.0303	37.6587
-0.0902	-0.9698	0.1144	148.1323	55.8472	38.5742
-0.1058	-0.9685	0.0684	149.4141	58.8379	38.5742
-0.0841	-0.9835	0.0280	152.4658	63.8428	38.5132
-0.0521	-0.9888	0.0093	156.7383	68.8477	38.0859
-0.0312	-0.9982	-0.0266	160.2173	70.9839	37.3535
-0.0033	-1.0216	-0.0883	160.5225	69.5801	38.0859
0.0084	-1.0426	-0.1377	155.8838	64.1479	39.0015
0.0190	-1.0378	-0.1527	146.5454	55.7251	38.8184
0.0319	-1.0386	-0.1591	136.1084	45.0439	39.0015
0.0231	-1.0377	-0.1613	126.3428	33.3862	39.6118
-0.0074	-1.0402	-0.1871	118.2251	22.3389	40.7715
-0.0513	-1.0266	-0.2068	111.7554	17.2729	41.1987
-0.0580	-1.0148	-0.2552	108.0933	20.3247	40.2832
-0.0326	-1.0378	-0.2982	104.4312	27.7100	39.0015
-0.0175	-1.0616	-0.3149	97.5342	37.7197	36.1938
0.0094	-1.0603	-0.3127	89.6606	46.8750	32.1655
0.0679	-1.0531	-0.3151	81.2988	50.5371	28.6255
0.0846	-1.0408	-0.3259	73.3643	47.1191	26.2451
0.0558	-1.0162	-0.3160	67.9932	40.3442	24.0479
0.0271	-0.9895	-0.3197	68.1763	35.8887	23.2544
0.0156	-0.9934	-0.3928	72.5098	36.9873	23.7427
0.0272	-1.0186	-0.4285	74.0967	43.6401	23.8647
0.0383	-1.0245	-0.4347	71.4722	51.4526	22.7661
0.0709	-1.0198	-0.4374	68.1152	57.3120	20.5688
0.1229	-1.0217	-0.4517	65.4907	54.5044	19.5313
0.1543	-1.0178	-0.4858	62.9272	44.3726	18.0664
0.1575	-1.0131	-0.5470	61.4624	29.2969	15.0757
0.1230	-1.0469	-0.7445	57.6782	14.2212	10.2539
0.1239	-1.1342	-1.0244	40.4663	7.0801	4.5166
0.1379	-1.2197	-1.2839	-1.3428	10.5591	-3.2959
0.2021	-1.2799	-1.4633	-65.2466	19.1040	-16.2354
0.2598	-1.3279	-1.5757	-144.3481	18.0054	-33.5693
0.2974	-1.3708	-1.6343	-231.2012	3.3569	-52.7954
0.2264	-1.3254	-1.5188	-317.9321	-29.1748	-69.5190
0.2034	-1.1960	-1.4893	-386.7187	-76.9043	-81.4819
0.2738	-1.1180	-1.5414	-445.7397	-137.3291	-91.4307
0.4471	-1.0938	-1.5624	-501.2207	-200.0122	-101.8066
0.4937	-0.9293	-1.5078	-558.0444	-256.7749	-119.5679
0.3605	-0.6119	-1.2527	-606.6284	-299.0723	-151.0010
0.1720	-0.2571	-0.8708	-635.0098	-337.4023	-184.3872
-0.1489	-0.0865	-0.3704	-636.5356	-370.1172	-214.0503
-0.5090	-0.0662	-0.1708	-616.5161	-383.3008	-234.4360
-1.0436	0.2566	0.1929	-600.8301	-364.3188	-240.1733
-1.6519	0.7307	0.9948	-563.5376	-305.6641	-239.1357
-1.9924	1.1096	1.9994	-474.1211	-205.8716	-216.4917
-1.9692	1.2010	2.5126	-329.1016	-93.8110	-158.2642
-1.6713	1.1240	2.5173	-167.2974	-1.7090	-86.8530
-1.2570	1.0138	2.2565	-29.4189	60.7910	-29.6631
-0.9136	0.9064	1.8745	69.5190	96.1914	12.7563
-0.6093	0.7343	1.4924	133.3618	114.8071	47.0581
-0.3435	0.4869	1.1719	167.4194	118.7744	67.7490
-0.1683	0.2225	0.9430	176.7578	105.1636	75.2563
-0.0959	-0.0021	0.7856	168.8232	77.2095	72.0825
-0.1503	-0.1910	0.7209	153.5034	46.2646	64.6973
-0.2974	-0.3770	0.7123	139.3433	14.4653	57.3730
-0.4410	-0.5040	0.6604	132.9346	-12.0850	53.2227
-0.5728	-0.6929	0.5682	138.0005	-15.4419	54.4434
-0.6337	-0.8234	0.5341	147.4609	-7.6294	59.8145
-0.6146	-0.8615	0.4711	159.7900	0.6104	66.3452
-0.5797	-0.9025	0.3922	173.0957	16.1743	74.2188
-0.5162	-0.9192	0.3510	182.2510	33.2642	80.2612
-0.4456	-0.9316	0.2911	187.6221	50.7813	80.4443
-0.3429	-0.9683	0.2240	186.3403	64.7583	79.1626
-0.2823	-0.9899	0.2118	174.4995	70.0684	79.8340
-0.2343	-0.9805	0.2389	156.4331	69.0918	78.1860
-0.1959	-0.9645	0.2784	137.6343	63.9648	74.5239
-0.1840	-0.9465	0.3407	122.7417	54.3823	69.8853
-0.1736	-0.9232	0.3951	115.0513	44.6777	64.6973
-0.2260	-0.8877	0.4358	113.7695	39.5508	57.4341
-0.3055	-0.8723	0.4408	118.2861	41.7480	50.0488
-0.3071	-0.8795	0.3521	128.1738	55.5420	43.5791
-0.2118	-0.9004	0.2684	136.9019	80.3833	38.1470
-0.1091	-0.9305	0.2327	140.8081	103.3325	33.8745
0.0001	-0.9596	0.2207	141.2964	116.2109	30.9448
0.0850	-0.9855	0.2220	141.6626	116.8213	27.8320
0.1058	-0.9982	0.2227	140.1367	106.9946	25.6348
0.0889	-0.9956	0.2275	137.3291	91.3696	25.2075
0.0414	-0.9886	0.2239	135.7422	75.6836	25.1465
-0.0133	-0.9777	0.2102	136.1694	60.9741	25.8789
-0.0542	-0.9563	0.1912	138.7329	48.5229	28.1372
-0.0702	-0.9303	0.1725	144.1650	43.8232	31.2500
-0.0924	-0.9203	0.1306	152.2217	44.5557	34.1797
-0.1044	-0.9310	0.0806	159.2407	46.3867	37.2314
-0.0861	-0.9344	0.0433	165.7104	47.4854	40.8325
-0.0673	-0.9377	-0.0015	173.2178	47.6074	44.3726
-0.0577	-0.9462	-0.0576	181.6406	45.7764	46.9360
-0.0487	-0.9579	-0.1106	188.1104	43.7012	48.0957
-0.0258	-0.9580	-0.1600	192.8101	41.5039	48.0957
0.0227	-0.9661	-0.2019	196.8994	38.3911	47.1802
0.0580	-0.9800	-0.2620	198.3032	33.3862	46.1426
0.0289	-0.9701	-0.3066	195.4346	27.9541	44.0063
0.0015	-0.9521	-0.3710	192.8101	25.5127	42.3584
0.0023	-0.9845	-0.4875	187.6221	27.4658	42.1753
-0.0106	-0.9806	-0.5040	175.5371	32.4707	41.8091
-0.0106	-0.9581	-0.4919	164.3066	41.8701	39.6118
-0.0116	-0.9210	-0.4750	157.1045	52.0020	37.1094
-0.0173	-0.8782	-0.4846	156.1890	61.3403	35.0342
-0.0237	-0.8220	-0.5160	161.7432	70.2515	34.4238
0.0063	-0.7466	-0.5273	175.0488	78.9795	34.3628
0.0996	-0.7262	-0.5876	193.7256	83.1909	33.2642
0.1934	-0.7810	-0.7762	211.2427	77.6978	29.0527
0.2402	-0.9832	-1.1649	211.6699	67.1997	16.6016
0.2708	-1.3383	-1.7327	167.0532	63.4155	-6.8359
0.3033	-1.5627	-2.0221	51.9409	68.5425	-34.3628
0.3379	-1.4897	-1.9838	-101.1963	68.3594	-68.1152
0.2701	-1.2565	-1.8090	-241.3940	50.6592	-109.0698
0.0558	-1.0232	-1.9141	-353.1494	10.4980	-135.6201
-0.1829	-0.9088	-2.2877	-458.0688	-57.2510	-131.2256
0.0197	-0.7620	-2.5001	-558.9600	-119.9341	-120.6055
0.4401	-0.6949	-2.6405	-647.0337	-175.9644	-132.8125
0.6085	-0.6422	-2.5533	-723.3276	-243.4692	-163.6963
0.4424	-0.4315	-2.0922	-783.3252	-299.9268	-200.3174
0.0343	-0.1461	-1.6748	-807.9224	-327.5146	-231.9336
-0.3320	-0.0239	-1.1761	-804.4434	-327.3926	-255.0049
-0.5189	0.2628	-0.5696	-786.8652	-304.7485	-280.3345
-0.7100	0.5416	0.1554	-743.7744	-285.2173	-290.8936
-1.2242	0.9634	1.0096	-676.3916	-251.7700	-280.7007
-1.8682	1.5021	2.0918	-572.4487	-207.6416	-253.2349
-2.2510	1.7313	2.6334	-410.7056	-142.8833	-204.4067
-2.0615	1.7803	2.6079	-223.9990	-49.0723	-133.7280
-1.5204	1.5883	2.3226	-58.5327	45.5933	-54.0161
-1.0164	1.2513	1.9952	62.2559	110.2905	15.7471
-0.6512	0.9314	1.5995	142.5171	140.3198	58.8379
-0.3639	0.6542	1.2378	187.8662	142.9443	80.2002
-0.1505	0.3853	0.9303	204.8340	126.4038	90.5762
-0.0234	0.0966	0.7015	200.5615	96.4966	92.9565
-0.0148	-0.1420	0.5640	180.2368	60.9131	82.3364
-0.1112	-0.3097	0.5485	150.0244	19.3481	67.0166
-0.2981	-0.4651	0.5328	123.3521	-18.8599	50.7813
-0.4880	-0.6300	0.4961	107.3608	-44.5557	36.7432
-0.6632	-0.7693	0.4796	100.4028	-53.3447	29.3579
-0.7511	-0.8474	0.4751	99.8535	-47.9736	29.7852
-0.7675	-0.8964	0.4731	103.1494	-35.7056	36.9263
-0.7091	-0.9269	0.4381	107.4219	-22.5830	48.0957
-0.6688	-0.9137	0.4248	108.7646	-14.2212	62.4390
-0.6544	-0.8555	0.4709	108.9478	-7.3242	70.8618
-0.6315	-0.7628	0.6381	109.2529	3.4180	74.7681
-0.5364	-0.7354	0.6071	117.0654	11.5356	83.6792
-0.5166	-0.7279	0.5658	127.1362	13.0005	94.5435
-0.5028	-0.7039	0.5786	130.5542	10.8032	102.9053
-0.4717	-0.7322	0.5515	136.2305	9.0332	107.9712
-0.4457	-0.7838	0.5024	145.2026	10.1318	113.6475
-0.4243	-0.8239	0.4409	156.3721	14.2212	119.0186
-0.3552	-0.8484	0.3673	169.1895	21.4844	121.8872
-0.2814	-0.8617	0.3022	181.2744	31.6772	123.7793
-0.2468	-0.8843	0.2638	190.5518	43.4570	122.3145
-0.1958	-0.8761	0.2203	198.4253	55.0537	118.7134
-0.0967	-0.8848	0.1665	205.1392	64.5752	114.1357
-0.0250	-0.9210	0.1122	210.2051	71.4111	108.7646
0.0072	-0.9435	0.0663	213.3179	72.5098	102.2339
0.0349	-0.9668	0.0326	215.8813	67.5049	96.6187
0.0247	-0.9955	-0.0067	218.9941	59.2651	92.5293
0.0271	-1.0073	-0.0632	221.6187	51.2695	89.7827
0.0444	-1.0105	-0.1182	224.3042	45.7764	88.2568
0.0187	-1.0009	-0.1520	227.0508	42.4194	86.3647
-0.0184	-0.9966	-0.2144	229.1260	42.7246	83.3130
0.0212	-0.9807	-0.2531	228.5156	44.9219	80.1392
0.0840	-0.9706	-0.3010	226.6846	46.9971	77.2095
0.1254	-0.9705	-0.3328	223.2666	44.5557	73.7915
0.1270	-0.9773	-0.3480	218.7500	35.7056	70.0073
0.0975	-0.9822	-0.3777	212.5854	23.8037	66.5283
0.0706	-0.9723	-0.4221	205.2612	12.3901	63.5986
0.0741	-0.9686	-0.4537	197.5708	5.6152	61.0962
0.0911	-0.9658	-0.4832	189.5142	1.7090	59.5703
0.0769	-0.9507	-0.5311	180.0537	-1.0376	58.3496
0.0309	-0.9330	-0.5541	169.6777	-2.8076	57.2510
0.0582	-0.9083	-0.5505	161.6821	-0.6714	57.6172
0.1113	-0.9159	-0.5631	157.9590	3.0518	58.8379
0.1102	-0.9270	-0.6155	153.6865	3.5400	59.6924
0.0922	-0.9119	-0.6354	147.0947	1.2207	57.8003
0.1204	-0.9170	-0.6381	140.8081	0.4883	54.7485
0.1113	-0.9169	-0.6580	132.8735	0.7935	51.3306
0.0638	-0.8970	-0.6445	125.3052	3.1128	45.9595
0.0533	-0.8698	-0.6573	118.8354	9.1553	40.2222
0.0605	-0.8256	-0.6444	114.3188	17.8223	34.8511
0.1042	-0.7748	-0.6541	115.3564	30.7007	29.6021
0.1759	-0.7283	-0.6790	121.8872	41.9312	23.8037
0.1921	-0.7090	-0.7305	130.6763	47.6685	15.8691
0.1937	-0.7024	-0.8580	138.5498	50.6592	6.4087
0.2798	-0.7531	-1.1987	137.9395	52.3071	-2.8687
0.4047	-0.9866	-1.7764	107.0557	54.6265	-12.9395
0.4442	-1.1975	-2.1084	20.1416	64.0259	-26.6113
0.3433	-1.2733	-2.2739	-98.8770	69.3359	-48.5229
0.2965	-1.2358	-2.5079	-227.7832	60.7910	-87.2803
0.1736	-1.0536	-2.6234	-372.0093	44.3115	-134.0332
0.0570	-0.7543	-2.9139	-504.2725	30.3345	-174.6216
0.4031	-0.5159	-3.1934	-616.4551	13.3057	-211.3037
0.7804	-0.4240	-3.1082	-702.3315	-17.6392	-255.9204
0.7566	-0.3701	-2.7003	-764.1602	-60.6079	-300.5981
0.4978	-0.2903	-2.2794	-801.3916	-100.2197	-328.3691
0.2208	-0.1383	-1.7064	-815.6128	-133.7280	-338.1348
0.0648	0.0107	-1.1194	-811.6455	-157.4097	-346.0693
-0.0881	0.3538	-0.4506	-793.2739	-172.6685	-343.0786
-0.5536	0.7979	0.2474	-742.1265	-189.6362	-320.1294
-1.2240	1.2327	1.0104	-672.3633	-194.8853	-281.6772
-1.6007	1.5698	1.7589	-578.1860	-168.8232	-234.2529
-1.7795	1.6766	2.2511	-451.1108	-112.1216	-171.1426
-1.7345	1.7034	2.3611	-309.8145	-43.1519	-101.3184
-1.3171	1.6097	2.2297	-180.8472	18.0054	-34.0576
-0.8826	1.3958	2.0509	-76.0498	62.0728	24.6582
-0.5149	1.0522	1.8262	6.3477	85.9985	67.2607
-0.2498	0.7346	1.5616	65.1855	86.8530	90.3931
-0.1185	0.4323	1.3075	100.3418	68.4204	97.5342
-0.0800	0.2003	1.1135	115.7227	43.7012	92.8345
-0.1138	0.0159	0.9714	119.5068	22.1558	83.0688
-0.2228	-0.1300	0.8947	116.8213	6.1646	70.3125
-0.3127	-0.2513	0.8417	112.2437	-3.6011	57.3120
-0.3668	-0.3528	0.7831	109.4971	-7.0801	46.6309
-0.4832	-0.4713	0.7533	111.5723	-7.2021	42.3584
-0.6750	-0.5927	0.7328	120.8496	-5.7373	45.7764
-0.6628	-0.6367	0.6752	135.5591	2.8687	56.2744
-0.6045	-0.6887	0.5978	152.2217	14.2822	73.3643
-0.5945	-0.7167	0.5157	169.1895	27.4048	89.3555
-0.5524	-0.7808	0.4369	181.4575	39.6729	95.5811
-0.4806	-0.8175	0.3871	186.9507	43.9453	102.7832
-0.4314	-0.8036	0.4047	185.7910	52.2461	106.4453
-0.3385	-0.8478	0.3530	184.4482	51.0864	110.1685
-0.2997	-0.8258	0.3263	179.6875	44.9219	112.5488
-0.3000	-0.8323	0.3252	173.2788	37.8418	114.3799
-0.2762	-0.8612	0.3182	168.5791	32.1045	117.0654
-0.2352	-0.8783	0.2738	166.1377	27.4048	119.5068
-0.2159	-0.9022	0.2098	166.8701	28.4424	120.4224
-0.2150	-0.9297	0.1538	169.0063	31.7993	120.3003
-0.2062	-0.9440	0.1141	172.4243	37.1704	117.5537
-0.1775	-0.9728	0.0757	179.1992	47.3633	113.5864
-0.1156	-0.9987	0.0474	186.0962	56.8848	109.8633
-0.0502	-1.0161	0.0131	191.2842	64.4531	106.0791
-0.0099	-1.0155	-0.0231	192.9932	68.8477	101.3184
0.0402	-1.0299	-0.0391	191.7725	70.4956	96.4355
0.0795	-1.0416	-0.0612	191.2231	68.7256	92.2241
0.0997	-1.0551	-0.0914	190.3076	63.5376	88.1348
0.0876	-1.0605	-0.1353	187.2559	54.6265	84.1064
0.0192	-1.0381	-0.1711	183.6548	45.5933	79.3457
-0.0211	-1.0304	-0.2025	181.9458	41.5649	75.5615
0.0079	-1.0133	-0.2284	182.0679	44.3115	74.6460
0.0769	-1.0137	-0.2599	184.7534	49.3774	73.6694
0.1323	-1.0157	-0.2885	187.9272	50.2930	71.7163
0.1605	-1.0189	-0.3159	190.6738	45.8984	68.9697
0.1583	-1.0216	-0.3527	191.2231	38.2080	64.8804
0.1334	-1.0161	-0.3842	190.0024	28.6865	60.6079
0.0950	-1.0144	-0.4203	186.0962	19.5923	56.8237
0.0365	-1.0144	-0.4567	178.9551	14.2212	53.9551
0.0199	-1.0067	-0.4758	169.7998	14.1602	52.5513
0.0125	-0.9720	-0.4880	161.2549	18.4937	51.5747
0.0055	-0.9661	-0.4913	155.0903	23.9868	51.1475
0.0375	-0.9401	-0.4860	150.9399	29.2969	51.6968
0.0792	-0.9230	-0.4988	150.8789	33.9966	52.0020
0.0902	-0.9159	-0.5338	152.0386	35.5835	50.9033
0.0852	-0.8925	-0.5341	152.9541	34.3628	48.5840
0.1106	-0.8713	-0.5369	155.8838	33.0811	45.8374
0.1088	-0.8588	-0.5782	157.8369	31.9214	44.0063
0.0732	-0.8291	-0.6023	158.0200	30.6396	41.9312
0.0739	-0.8048	-0.6409	159.2407	32.4707	41.1377
0.1177	-0.8104	-0.7006	159.8511	36.4990	40.2832
0.1371	-0.8434	-0.7540	155.5176	38.9404	36.8652
0.1000	-0.8536	-0.7910	144.7144	41.4429	30.3345
0.0640	-0.8137	-0.8098	133.1787	47.9736	21.1792
0.0802	-0.7692	-0.8567	126.2817	57.7393	10.3760
0.1433	-0.8257	-1.0461	118.1030	67.3828	-1.6479
0.2277	-0.9467	-1.2697	90.6372	76.9653	-13.3057
0.2249	-1.0807	-1.5221	38.5742	87.7075	-24.7803
0.2845	-1.2104	-1.6919	-40.7715	101.9287	-40.1001
0.2300	-1.2345	-1.7080	-142.4561	107.1777	-59.1431
0.1251	-1.1620	-1.7053	-246.2769	104.1870	-80.9937
0.0935	-0.9481	-1.8484	-346.4355	89.9658	-96.0083
0.0128	-0.8741	-2.1934	-451.6602	39.9780	-100.9521
0.1973	-0.7003	-2.4003	-566.4673	-6.7749	-113.8916
0.5398	-0.4498	-2.5190	-660.7056	-44.8608	-145.3247
0.6942	-0.3385	-2.4916	-724.8535	-107.7271	-186.2793
0.5930	-0.2878	-2.1168	-765.0757	-172.6685	-229.6753
0.3149	-0.2506	-1.6918	-775.2075	-214.5386	-262.0850
0.0022	-0.1615	-1.3179	-764.2822	-240.6616	-291.8701
-0.2393	0.0291	-0.7484	-741.5771	-247.4365	-325.3174
-0.3417	0.0619	-0.4646	-699.2798	-238.2202	-339.0503
-0.7854	0.3232	0.1249	-666.6870	-215.5151	-329.3457
-1.1403	0.7030	0.9148	-624.0234	-169.3726	-300.7812
-1.3180	0.8660	1.5900	-537.9639	-117.4316	-255.1270
-1.5714	0.8680	1.9187	-419.4336	-67.3218	-200.0732
-1.6002	0.9105	2.0170	-296.8140	-17.2119	-140.9302
-1.3112	0.9243	1.9729	-182.8613	34.0576	-76.5991
-0.9613	0.7990	1.8241	-84.7168	77.9419	-11.7187
-0.6840	0.5908	1.6178	-6.7749	98.2056	42.4194
-0.4572	0.3954	1.3705	48.7061	97.1680	77.3315
-0.2649	0.2523	1.1503	83.4351	83.9233	94.1772
-0.1479	0.1194	0.9749	100.0366	61.4624	99.1821
-0.1133	-0.0012	0.8517	103.1494	37.6587	95.1538
-0.1268	-0.0983	0.7684	97.0459	18.6157	84.7168
-0.1571	-0.1909	0.7086	86.5479	4.2114	72.2656
-0.1958	-0.2987	0.6675	73.9746	-4.2114	57.2510
-0.2596	-0.3729	0.6686	60.6079	-9.3994	40.0391
-0.3544	-0.4491	0.7020	50.4150	-14.2822	26.4282
-0.5157	-0.5042	0.7875	48.4009	-17.7002	17.0288
-0.6283	-0.5728	0.8260	58.1665	-18.6768	15.8081
-0.6700	-0.6487	0.7959	76.7822	-14.8315	23.8647
-0.6866	-0.7115	0.7312	99.9756	-7.2021	36.5601
-0.6631	-0.7433	0.6484	121.1548	0.8545	51.0254
-0.6228	-0.7585	0.5989	136.6577	7.9346	65.3687
-0.6034	-0.7717	0.5962	149.3530	14.4043	76.6602
-0.5596	-0.7662	0.5283	160.6445	25.6348	84.7778
-0.4561	-0.7808	0.4854	166.9312	35.9497	91.0645
-0.4347	-0.8104	0.4475	168.5181	41.8701	95.0317
-0.4373	-0.7589	0.5708	162.2925	44.4336	97.1680
-0.4227	-0.8055	0.5103	165.2832	44.4336	97.2900
-0.4025	-0.8063	0.4374	174.4995	44.9219	102.3560
-0.3424	-0.8018	0.3776	179.9316	54.4434	107.3608
-0.3160	-0.8281	0.3369	186.7676	64.3311	109.5581
-0.2484	-0.8499	0.2856	194.2749	72.5098	110.2295
-0.1786	-0.8853	0.2319	201.1719	80.8105	108.0933
-0.1263	-0.9141	0.1793	206.2988	88.3179	103.7598
-0.0691	-0.9349	0.1335	208.0688	92.7734	98.5107
-0.0065	-0.9524	0.1022	206.7261	93.3838	93.0786
0.0585	-0.9738	0.0641	204.2847	88.9893	87.4634
0.0585	-0.9987	0.0239	200.1953	77.5757	82.1533
0.0211	-1.0209	-0.0175	194.8242	61.7676	77.5146
-0.0122	-1.0178	-0.0626	189.6973	48.8892	74.2188
-0.0548	-1.0033	-0.0917	186.0962	41.9922	71.4722
-0.0750	-1.0068	-0.1146	187.3169	41.0156	68.9087
-0.0521	-1.0228	-0.1766	191.5283	45.4712	66.9556
-0.0370	-1.0358	-0.2509	193.6646	51.4526	64.0869
-0.0159	-1.0342	-0.2825	193.0542	56.2134	60.1807
0.0206	-1.0349	-0.3101	189.4531	59.2041	56.7627
0.0425	-1.0298	-0.3289	183.1665	59.2041	54.0161
0.0558	-1.0223	-0.3611	175.4150	57.4951	51.3306
0.0579	-1.0342	-0.3746	165.3442	53.7720	49.4385
0.0452	-1.0553	-0.3966	152.4048	50.5981	47.6074
0.0332	-1.0643	-0.3909	138.0615	48.8892	44.7388
0.0273	-1.0448	-0.4225	124.3896	47.1191	41.8091
0.0226	-0.9972	-0.4062	115.6616	45.4712	39.1846
0.0176	-0.9384	-0.3549	115.7837	46.3257	37.0483
0.0168	-0.9113	-0.3435	124.9390	49.3774	37.3535
0.0299	-0.9336	-0.4187	136.0474	51.8799	39.1235
0.0731	-0.9707	-0.5299	139.5874	52.4902	40.3442
0.1348	-1.0070	-0.6873	131.8359	51.8188	40.5273
0.1644	-1.1312	-1.0258	109.2529	51.6357	36.4990
0.2742	-1.3113	-1.3092	52.1851	56.2134	27.0996
0.3491	-1.3474	-1.2446	-43.2129	56.2134	14.9536
0.3492	-1.2637	-1.1245	-135.7422	43.4570	-8.4839
0.3081	-1.1853	-1.1085	-206.7261	19.2261	-39.1235
0.2480	-1.1288	-1.2578	-267.5171	-10.2539	-64.6973
0.1979	-1.1035	-1.4160	-326.9653	-51.0254	-79.4067
0.2611	-1.0660	-1.5403	-390.0757	-97.7173	-86.4868
0.4265	-1.0928	-1.7284	-455.3223	-141.4795	-95.8252
0.5776	-1.0947	-1.8048	-522.2168	-193.6035	-112.1826
0.6365	-0.9622	-1.7725	-581.1157	-245.4834	-142.5781
0.4553	-0.6774	-1.5408	-625.0000	-292.0532	-190.8569
0.1743	-0.3719	-1.2039	-650.3296	-329.9561	-248.9624
-0.0619	-0.0427	-0.9528	-649.5361	-350.7690	-304.3823
-0.6040	0.3615	-0.2837	-631.4087	-342.4072	-338.1348
-1.2169	0.6880	0.6045	-602.6611	-293.3960	-328.1860
-1.6437	0.7520	1.3992	-535.4004	-213.6230	-295.5322
-1.6880	0.7709	1.8572	-435.5469	-123.6572	-255.5542
-1.5171	0.7498	2.0076	-319.3970	-44.6167	-202.3926
-1.3528	0.7715	2.0386	-206.7261	12.6953	-141.1743
-1.1534	0.7361	1.9648	-106.0181	48.5840	-78.1860
-0.9081	0.6322	1.7675	-21.9116	68.0542	-17.3340
-0.6779	0.4712	1.5135	41.1987	68.4814	31.5552
-0.5144	0.3135	1.2826	84.1064	55.1758	62.5610
-0.4242	0.1599	1.0659	109.4971	42.9077	79.6509
-0.3635	-0.0117	0.8871	119.1406	31.6162	88.9893
-0.3138	-0.1617	0.7656	117.2485	21.5454	90.9424
-0.3129	-0.2889	0.7076	108.6426	11.1084	86.3647
-0.3484	-0.3975	0.6810	98.0225	0.6104	78.6743
-0.4021	-0.4823	0.6774	89.7827	-8.1787	71.0449
-0.5020	-0.5800	0.6702	87.1582	-13.6108	65.0635
-0.5389	-0.6721	0.6346	90.8203	-13.3057	61.8896
-0.6398	-0.7306	0.6721	99.4873	-11.5356	66.1621
-0.7340	-0.7961	0.6879	116.2720	-0.1221	66.5283
-0.6643	-0.7996	0.6504	135.9253	15.9302	67.5659
-0.5677	-0.8022	0.5905	152.9541	28.8086	79.4678
-0.4983	-0.7947	0.5381	165.4663	41.0767	91.9800
-0.4363	-0.8217	0.4908	173.2178	49.1943	99.3042
-0.3542	-0.8019	0.5262	173.5229	55.9692	101.0742
-0.2385	-0.8201	0.4606	174.7437	60.1807	99.8535
-0.2031	-0.8260	0.4176	173.5229	57.7393	99.4873
-0.1874	-0.8365	0.3829	169.1284	54.5654	96.6187
-0.2120	-0.8517	0.3533	166.4429	50.2930	93.2617
-0.2804	-0.8680	0.3251	167.2363	46.8140	91.9800
-0.2391	-0.8807	0.2841	171.4478	51.0864	93.2617
-0.1913	-0.8947	0.2495	177.9175	62.0117	93.8721
-0.1674	-0.9222	0.2200	185.3638	74.2188	91.9189
-0.1331	-0.9288	0.2034	192.3218	86.7310	87.2803
-0.0671	-0.9653	0.1552	197.9370	97.5342	80.9326
0.0184	-0.9882	0.0955	199.9512	102.4170	74.7681
0.0814	-0.9939	0.0636	196.4722	99.0601	68.2373
0.1118	-1.0006	0.0299	190.4907	89.1724	60.9741
0.1152	-1.0081	-0.0179	182.5562	75.3784	55.1758
0.1007	-1.0020	-0.0505	173.0347	59.6924	50.5981
0.0698	-1.0004	-0.0732	164.1846	47.0581	46.6919
0.0378	-1.0099	-0.0731	157.2266	38.6963	43.6401
0.0170	-1.0251	-0.0813	151.6724	33.9966	41.3818
0.0033	-1.0243	-0.1229	146.7285	33.1421	39.9780
-0.0300	-1.0374	-0.1666	140.7471	33.7524	39.0625
-0.0270	-1.0259	-0.1879	134.5215	37.5977	39.4287
0.0057	-1.0077	-0.1870	129.1504	43.1519	41.3208
0.0371	-1.0095	-0.2004	125.4272	45.8374	43.7012
0.0608	-1.0098	-0.2040	122.8027	45.7764	44.3726
0.0717	-1.0106	-0.1960	120.1782	43.4570	45.2271
0.0773	-1.0254	-0.2089	117.3096	39.4897	45.8984
0.0618	-1.0255	-0.2382	113.5254	32.8979	45.2271
0.0496	-0.9904	-0.2256	111.1450	28.0151	42.5415
0.0630	-0.9547	-0.2246	113.6475	25.2075	40.2222
0.0786	-0.9441	-0.2679	120.3003	21.1182	38.6963
0.0701	-0.9406	-0.3248	128.0518	15.9302	37.0483
0.0592	-0.9242	-0.3641	135.0098	13.7939	36.3770
0.0867	-0.9032	-0.3986	141.4795	13.8550	36.9873
0.1580	-0.9070	-0.4839	147.7051	12.9395	37.6587
0.2811	-0.9962	-0.6442	148.0103	8.9722	34.1797
0.2755	-1.0936	-0.7281	131.4087	1.4038	21.0571
0.1714	-1.1051	-0.8872	101.1353	-0.1831	1.5259
0.1621	-1.1820	-1.3075	60.6079	5.9204	-18.7988
0.2191	-1.3225	-1.6512	-15.0757	20.1416	-37.4756
0.2974	-1.3903	-1.6022	-125.9766	45.5322	-63.0493
0.3967	-1.3463	-1.3962	-239.1357	68.2983	-96.4966
0.4836	-1.2252	-1.3199	-330.9326	66.5283	-122.7417
0.4044	-1.0631	-1.4780	-409.2407	24.5361	-131.4697
0.3230	-0.8877	-1.6135	-480.6519	-39.0625	-138.7939
0.4271	-0.8497	-1.6182	-539.5508	-94.4214	-162.5977
0.5978	-0.8169	-1.5288	-581.6040	-151.3672	-189.8804
0.5487	-0.7322	-1.4745	-613.2202	-213.5010	-217.1631
0.1655	-0.6002	-1.2241	-634.8267	-257.4463	-254.3335
-0.3070	-0.4183	-0.8362	-639.4043	-273.4985	-296.3257
-0.4974	-0.3325	-0.5630	-633.2397	-270.9351	-313.5986
-0.5990	-0.0057	-0.1260	-636.2305	-246.8872	-301.1475
-0.8514	0.2983	0.4427	-609.4971	-207.9468	-286.4380
-1.1544	0.5488	0.9880	-556.0303	-161.8042	-257.8735
-1.6958	0.9843	1.6821	-474.2432	-116.7603	-212.3413
-1.9607	1.1774	2.1619	-359.7412	-70.5566	-157.1045
-1.5924	1.0626	2.3118	-216.9189	-3.2349	-94.9707
-1.2126	0.9233	2.1877	-78.9795	61.5845	-29.4189
-0.9349	0.6663	1.8604	33.0811	90.2100	28.6255
-0.6135	0.3907	1.4932	109.3140	87.2192	73.1201
-0.3352	0.1705	1.1647	152.9541	66.8335	100.4028
-0.2068	0.0289	0.9154	171.5698	46.3867	113.3423
-0.1843	-0.0944	0.7223	170.2881	28.8696	120.6055
-0.1520	-0.2111	0.5986	154.5410	10.9863	122.6807
-0.1458	-0.3025	0.5231	129.8218	-6.7139	115.7837
-0.2041	-0.3768	0.5016	101.8066	-21.2402	99.7314
-0.3069	-0.4286	0.5125	76.1108	-31.0669	81.6650
-0.4434	-0.4747	0.5669	57.9834	-37.7808	65.6128
-0.5854	-0.5377	0.6224	51.0864	-41.1377	52.4902
-0.6787	-0.5764	0.6736	54.9316	-38.9404	45.8374
-0.7186	-0.6395	0.7238	69.6411	-31.1279	48.8281
-0.7250	-0.6914	0.7030	91.9189	-11.6577	45.2271
-0.6707	-0.7523	0.6721	111.9385	2.8687	48.7671
-0.5961	-0.7782	0.6368	126.0986	12.5732	61.4014
-0.5162	-0.7867	0.6099	135.2539	19.0430	74.5239
-0.4801	-0.7806	0.5791	141.3574	22.0947	83.9233
-0.4197	-0.7687	0.5441	145.1416	23.6816	90.3931
-0.3596	-0.7716	0.5149	147.8271	25.0854	94.7876
-0.3501	-0.7977	0.4801	150.1465	26.4282	97.3511
-0.3578	-0.8221	0.4459	151.9165	28.3203	98.3276
-0.3000	-0.7684	0.5396	152.4048	33.8745	97.2290
-0.2422	-0.8456	0.4016	167.9077	42.1143	93.0176
-0.2466	-0.8662	0.3315	183.3496	46.8140	92.1021
-0.1970	-0.9097	0.2592	192.4438	50.6592	91.1255
-0.1270	-0.9609	0.1798	198.3032	56.7017	88.2568
-0.0769	-0.9867	0.1229	198.7915	62.8052	84.9609
-0.0541	-1.0007	0.0903	193.7866	67.0776	80.7495
-0.0283	-1.0137	0.0724	185.9131	69.8242	75.0122
-0.0166	-1.0251	0.0548	177.7954	69.2139	69.3970
0.0065	-1.0349	0.0370	170.3491	64.3921	64.6973
0.0294	-1.0441	-0.0005	162.2314	56.7627	60.8521
-0.0148	-1.0477	-0.0402	152.5269	47.9126	56.8848
-0.0588	-1.0465	-0.0493	143.1274	39.2456	53.1006
-0.0656	-1.0360	-0.0460	135.9253	34.7290	50.8423
-0.0763	-1.0348	-0.0482	131.8359	34.1797	49.8657
-0.0623	-1.0303	-0.0443	130.0659	34.4849	49.7437
-0.0361	-1.0227	-0.0471	130.9814	33.5083	49.6826
-0.0488	-1.0221	-0.0736	132.4463	31.8604	48.8892
-0.0913	-1.0208	-0.1107	132.2632	29.4800	47.9736
-0.0812	-1.0033	-0.1169	131.6528	27.2217	48.4619
-0.0662	-0.9851	-0.1343	133.4839	27.4048	50.2319
-0.0603	-0.9791	-0.1354	137.4512	28.1982	52.1851
-0.0527	-0.9735	-0.1290	144.2261	28.7476	53.7109
-0.0419	-0.9684	-0.1387	153.2593	29.9683	55.2979
-0.0216	-0.9729	-0.2003	161.8042	31.7993	56.1523
0.0122	-0.9803	-0.2656	166.1377	32.1655	55.8472
0.0585	-0.9614	-0.3175	166.3208	29.3579	54.3213
0.1224	-0.9313	-0.3497	165.7715	24.9634	54.0161
0.1527	-0.9365	-0.3765	165.6494	16.2964	54.3823
0.1445	-0.9495	-0.4120	163.8184	5.3711	54.4434
0.1071	-0.9288	-0.4486	159.3018	-5.0049	54.3213
0.0410	-0.9060	-0.4714	155.3345	-10.9253	54.6265
-0.0111	-0.8981	-0.4827	152.8320	-8.4229	54.7485
-0.0271	-0.8866	-0.5114	150.9399	3.8452	53.2837
-0.0244	-0.8870	-0.6021	150.6348	23.1934	49.8657
0.0209	-0.9501	-0.7743	145.0195	44.4336	43.8232
0.0948	-1.0587	-1.0132	123.2910	68.1152	36.0107
0.2444	-1.1663	-1.2249	74.8291	91.7969	27.9541
0.4274	-1.2225	-1.2831	-1.0376	102.4780	20.3247
0.5326	-1.3099	-1.3588	-89.5996	94.3604	7.8735
0.5078	-1.3097	-1.2759	-185.4858	75.1343	-12.6343
0.4805	-1.1887	-1.3092	-271.4844	47.3633	-41.3818
0.4696	-1.1165	-1.4541	-338.6841	0.6104	-73.5474
0.4285	-1.0771	-1.6683	-399.2310	-56.1523	-105.2856
0.4924	-0.9988	-1.7892	-459.8389	-98.6938	-137.6343
0.5913	-0.9160	-1.7670	-520.3247	-134.2773	-171.4478
0.6039	-0.8033	-1.6389	-571.5332	-168.9453	-208.2520
0.4801	-0.6173	-1.4191	-611.1450	-204.9561	-244.5679
0.2239	-0.4442	-1.0685	-632.5684	-240.5396	-278.2593
-0.0226	-0.2897	-0.7657	-633.2397	-268.4326	-307.3730
-0.2538	-0.2081	-0.4387	-615.0513	-283.2642	-325.6226
-0.5200	-0.0370	-0.1129	-599.4873	-270.1416	-332.3975
-0.8756	0.2375	0.3146	-574.7070	-227.6001	-332.5195
-1.1851	0.5472	0.9315	-528.7476	-181.1523	-315.3687
-1.6215	0.7268	1.5620	-451.7212	-133.7891	-272.4609
-1.9379	0.7949	2.0115	-339.5386	-72.5098	-219.6655
-1.7958	0.8622	2.1115	-209.1064	3.3569	-152.4048
-1.3389	0.7947	2.0090	-84.2285	69.7021	-74.5239
-0.9492	0.5645	1.7795	17.8833	101.3794	-2.0752
-0.6958	0.3367	1.4769	92.2241	97.3511	50.5981
-0.5233	0.1716	1.1669	138.8550	71.9604	84.7168
-0.3948	0.0441	0.9073	161.4380	39.1846	106.8726
-0.3137	-0.0837	0.6904	165.8325	13.7939	120.3003
-0.2976	-0.2103	0.5353	155.8228	-2.9907	126.4038
-0.3125	-0.3110	0.4496	135.8032	-13.9771	124.4507
-0.3341	-0.3910	0.4067	111.2671	-20.1416	112.6099
-0.3347	-0.4562	0.4169	87.0361	-20.7520	95.3979
-0.4193	-0.5247	0.4946	67.9321	-20.8740	80.6885
-0.5468	-0.6139	0.5319	59.3872	-15.8691	61.4624
-0.6077	-0.6865	0.5618	58.4106	-11.2305	42.9688
-0.6255	-0.7631	0.5892	64.5752	-7.8735	34.7900
-0.6311	-0.8301	0.5836	76.7212	-3.0518	36.8652
-0.6118	-0.8766	0.5636	90.2710	1.7700	47.5464
-0.5756	-0.9019	0.5574	102.8442	5.4932	61.0352
-0.5348	-0.9100	0.5709	114.5630	7.8125	72.5708
-0.5012	-0.9061	0.5454	125.4272	8.6670	82.9468
-0.4556	-0.8871	0.5034	133.2397	10.3149	92.5903
-0.4119	-0.8617	0.4619	138.3667	12.7563	100.3418
-0.3883	-0.8652	0.4528	140.9912	15.8081	105.9570
-0.3522	-0.8220	0.4729	140.1367	20.0806	107.6660
-0.3660	-0.8218	0.4457	146.1182	22.5220	107.1167
-0.4180	-0.8175	0.4169	155.3345	26.1841	108.2153
-0.3600	-0.8282	0.3580	167.8467	38.3911	109.3140
-0.2655	-0.8477	0.2821	181.2134	55.2368	108.0933
-0.1953	-0.8693	0.1973	192.2607	72.1436	105.8960
-0.0946	-0.9078	0.1257	198.3032	83.8013	102.2949
-0.0021	-0.9402	0.0703	198.3032	89.1113	95.8862
0.0383	-0.9757	0.0320	193.8477	88.3179	87.7686
0.0448	-1.0046	-0.0067	185.7910	80.7495	80.2002
0.0450	-1.0182	-0.0370	175.1709	69.7021	72.5708
0.0481	-1.0348	-0.0565	164.3677	58.3496	64.8804
0.0408	-1.0458	-0.0774	154.4800	47.3633	58.7158
-0.0122	-1.0468	-0.1053	146.4844	38.8184	52.6123
-0.0671	-1.0388	-0.1354	139.5264	33.6304	47.7905
-0.1309	-1.0271	-0.1547	133.1177	33.6914	44.9219
-0.1063	-1.0117	-0.1492	129.6997	41.8701	43.7622
-0.0317	-1.0065	-0.1548	129.5166	52.3682	44.2505
0.0117	-1.0232	-0.1747	130.0049	57.9224	45.7153
0.0314	-1.0333	-0.2006	129.2114	56.8848	45.8984
0.0277	-1.0293	-0.2167	126.5869	51.5137	44.6777
-0.0073	-1.0198	-0.2319	123.9014	45.5322	43.1519
-0.0717	-1.0038	-0.2446	121.8262	40.4053	42.6025
-0.0756	-0.9805	-0.2491	122.9858	39.0015	43.7012
-0.0876	-0.9476	-0.2625	128.1738	42.7246	46.8140
-0.1016	-0.9218	-0.2787	137.2681	51.2085	51.0864
-0.1019	-0.8810	-0.2975	149.6582	64.2090	55.8472
-0.0996	-0.8381	-0.2994	164.7949	79.9561	60.8521
-0.0114	-0.7760	-0.2720	186.2793	99.4873	65.6738
0.0726	-0.7117	-0.2319	216.7358	119.4458	69.4580
0.1206	-0.7137	-0.2839	248.5962	131.8970	72.6929
0.1394	-0.6781	-0.2639	274.5972	137.2681	77.5757
0.1503	-0.6021	-0.3083	305.1147	142.7612	81.3599
0.1644	-0.6129	-0.4475	330.9326	140.3198	82.5806
0.2213	-0.6659	-0.6285	341.8579	127.4414	81.7261
0.2894	-0.7679	-0.8900	333.8013	111.5112	77.8198
0.3728	-1.0309	-1.4120	298.8281	97.9614	68.4814
0.5409	-1.4362	-1.9484	213.8062	89.9048	50.2319
0.5884	-1.7313	-1.9325	62.8052	79.4678	26.4893
0.3464	-1.6123	-1.5403	-106.5063	54.6265	-3.4790
0.1544	-1.2258	-1.4357	-230.9570	23.1934	-59.9365
0.0215	-0.9103	-1.8107	-320.7397	-28.0151	-107.1777
0.0042	-0.7327	-1.9470	-399.4141	-84.8389	-117.1265
0.1614	-0.6877	-2.0040	-463.3789	-114.6240	-118.7134
0.3809	-0.7843	-2.1658	-519.1650	-129.0894	-128.3569
0.5592	-0.7833	-2.0854	-577.5146	-161.8042	-138.4888
0.5505	-0.6090	-1.9343	-625.4272	-214.2334	-158.6914
0.3531	-0.4412	-1.7091	-655.4565	-258.7891	-207.5195
0.1239	-0.3154	-1.4312	-672.6074	-291.7480	-250.7324
-0.1091	-0.1692	-1.0909	-683.1055	-312.9883	-275.3906
-0.2745	0.0425	-0.6128	-681.1523	-317.9932	-294.1895
-0.4425	0.1190	-0.3367	-652.6489	-309.5703	-308.6548
-0.8485	0.3336	0.0942	-625.9155	-283.6304	-312.9883
-1.2340	0.5939	0.5721	-586.1206	-232.1777	-306.7017
-1.5222	0.7706	1.1874	-520.8740	-173.6450	-286.4380
-1.7462	0.7726	1.6530	-425.7202	-115.7227	-249.8169
-1.8137	0.8032	1.8931	-310.5469	-50.7813	-197.9370
-1.6288	0.8206	1.9265	-192.2607	10.9863	-131.9580
-1.3047	0.7646	1.8350	-86.1206	58.0444	-60.3027
-1.0372	0.5934	1.7048	2.2583	76.0498	6.5308
-0.8577	0.3600	1.5050	74.0967	72.5708	57.8613
-0.6945	0.1621	1.2407	127.9297	59.9976	92.9565
-0.5275	0.0167	0.9890	162.3535	47.0581	116.9434
-0.4136	-0.1132	0.7828	179.7485	35.8887	131.1035
-0.3577	-0.2631	0.6232	184.0820	28.0762	135.3760
-0.3350	-0.3976	0.5254	178.7720	22.5830	130.1880
-0.3224	-0.5060	0.4709	168.0908	14.5264	119.0186
-0.3519	-0.6051	0.4532	155.5786	5.2490	106.2622
-0.4568	-0.6974	0.4352	145.5688	-1.4038	94.8486
-0.5122	-0.7765	0.4166	140.0757	-3.7231	87.0361
-0.5466	-0.8357	0.3907	141.2354	-0.4272	83.3740
-0.5447	-0.8965	0.3641	147.7051	6.3477	83.3130
-0.5194	-0.9624	0.3105	157.5928	14.5874	85.5713
-0.4830	-0.9977	0.2540	164.4287	25.6348	89.3555
-0.5049	-0.9828	0.3530	163.0859	39.2456	93.5059
-0.3363	-0.9980	0.2802	163.6963	52.3071	95.8862
-0.2941	-0.9840	0.2240	168.6401	56.2744	102.1118
-0.3003	-0.9631	0.2100	167.2363	57.3120	106.9336
-0.2072	-0.9467	0.2106	166.3208	57.4341	109.3750
-0.1854	-0.9344	0.2120	166.9312	57.8613	109.9243
-0.2579	-0.9349	0.2207	170.1050	60.7910	108.3374
-0.2258	-0.9429	0.1907	177.0630	67.5659	104.7974
-0.1584	-0.9371	0.1362	186.2793	77.8809	98.4497
-0.1146	-0.9692	0.0573	194.8242	89.5996	89.4165
-0.0499	-0.9954	-0.0404	198.9746	99.4263	79.6509
-0.0028	-1.0056	-0.0991	196.1060	103.3936	70.3125
0.0273	-1.0179	-0.1204	190.6128	103.3936	61.9507
0.0533	-1.0386	-0.1383	184.1431	100.1587	56.8237
0.0419	-1.0558	-0.1700	176.8799	92.8345	55.2979
0.0265	-1.0542	-0.1921	168.2129	82.0923	55.6641
0.0411	-1.0364	-0.2052	160.7056	72.0215	56.6406
0.0580	-1.0461	-0.2440	154.7852	63.5376	58.0444
0.0134	-1.0509	-0.2891	147.0947	54.2603	57.9224
-0.0107	-1.0416	-0.3046	138.1836	47.6685	55.2979
0.0182	-1.0313	-0.3068	130.0659	44.6777	52.6733
0.0238	-1.0321	-0.3099	123.2300	43.5181	50.3540
-0.0192	-1.0227	-0.3102	116.9434	41.1987	47.5464
-0.0326	-1.0090	-0.2932	111.8164	38.2080	45.7153
0.0128	-0.9972	-0.2997	109.6802	38.7573	45.8374
0.0391	-0.9836	-0.3408	107.4219	38.4521	46.2646
0.0167	-0.9674	-0.3630	104.6753	34.5459	45.8984
0.0164	-0.9564	-0.3752	103.7598	30.8838	45.2881
0.0198	-0.9648	-0.4310	103.5767	31.0669	43.7622
0.0217	-0.9897	-0.5026	99.9146	35.1563	40.5884
0.0862	-1.0237	-0.6456	89.4775	41.6870	35.9497
0.2251	-1.1251	-0.8271	64.0869	45.8984	28.5034
0.2751	-1.1982	-0.8752	15.9302	45.3491	17.1509
0.2793	-1.2045	-0.8556	-40.5273	42.1753	0.9155
0.2911	-1.1619	-0.8229	-90.8203	31.7383	-18.8599
0.3402	-1.1117	-0.8248	-128.1128	11.4136	-40.5273
0.3700	-1.1226	-0.8663	-162.5977	-16.7236	-59.9976
0.3342	-1.1375	-0.9543	-202.9419	-47.3022	-78.0029
0.2693	-1.1393	-1.0413	-248.5962	-73.1201	-98.8159
0.1858	-1.1259	-1.1561	-299.3774	-92.4072	-123.1079
0.1561	-1.0826	-1.2462	-354.6143	-105.2246	-147.5220
0.2291	-0.9998	-1.2345	-409.5459	-117.7368	-167.9077
0.2469	-0.8835	-1.1240	-460.5103	-141.0522	-183.5327
0.1620	-0.7617	-0.9553	-498.7183	-171.6309	-196.7163
-0.0071	-0.6886	-0.6931	-523.9868	-200.9888	-209.8389
-0.2039	-0.5978	-0.4858	-530.8228	-219.8486	-222.1069
-0.4288	-0.5350	-0.2715	-525.2075	-220.6421	-228.6987
-0.5127	-0.3187	-0.0811	-522.1558	-192.9321	-229.4922
-0.6400	-0.0299	0.2717	-514.4043	-152.0386	-226.8677
-0.8400	0.2690	0.8301	-493.4692	-122.6196	-214.2944
-1.1213	0.4606	1.4042	-442.4438	-100.5859	-191.1011
-1.3281	0.5470	1.8002	-356.6284	-63.8428	-158.8745
-1.2882	0.6267	1.9617	-249.8169	-14.8926	-113.1592
-1.0594	0.6360	1.9812	-142.8223	19.5313	-57.3120
-0.8453	0.5494	1.8594	-45.4102	33.3862	-4.8218
-0.7025	0.3986	1.6539	36.4990	33.0200	36.6821
-0.5928	0.2157	1.4025	99.7314	25.5737	67.1387
-0.4624	0.0459	1.1190	142.9443	18.3716	86.7310
-0.3389	-0.1116	0.8749	166.0767	14.7705	96.8628
-0.3059	-0.2568	0.7139	172.2412	14.1602	98.5718
-0.2861	-0.3898	0.5980	168.3960	12.0850	93.3838
-0.2738	-0.4896	0.5221	158.8745	8.0566	85.6323
-0.3350	-0.5964	0.4866	147.9492	6.0425	72.4487
-0.4469	-0.7013	0.4738	138.0615	3.5400	56.8237
-0.6479	-0.7926	0.5349	132.9346	0.9766	45.5322
-0.7550	-0.8796	0.5549	137.4512	1.2817	44.4336
-0.7417	-0.9126	0.5220	148.4985	9.5825	52.6733
-0.7729	-0.9070	0.5337	162.4146	21.6064	66.2842
-0.7598	-0.8998	0.5178	181.0913	33.9966	83.7402
-0.6031	-0.8881	0.4703	201.0498	46.0205	100.7690
-0.4913	-0.9070	0.3552	216.9800	56.2134	115.2344
-0.4214	-0.8319	0.4250	219.0552	67.0776	124.8169
-0.3230	-0.8672	0.3221	226.4404	72.2046	127.3804
-0.2506	-0.8658	0.2296	227.8442	74.4629	129.6387
-0.1803	-0.8939	0.1335	223.4497	75.8667	123.5962
-0.1592	-0.9260	0.0966	214.9048	75.3174	113.5864
-0.1915	-0.9447	0.0925	205.2612	75.5005	101.5625
-0.2014	-0.9873	0.0396	200.5005	79.4678	90.8203
-0.1240	-0.9980	-0.0261	197.7539	86.9751	82.7637
-0.0327	-1.0051	-0.0709	194.5190	93.1396	75.7446
0.0254	-1.0283	-0.0862	190.7349	94.3604	69.7021
0.0609	-1.0494	-0.1056	184.9365	88.6230	66.2842
0.0792	-1.0564	-0.1476	177.0020	78.4912	63.9648
0.0760	-1.0480	-0.1586	166.7480	64.8193	61.0962
0.0514	-1.0428	-0.1677	156.6162	49.5605	58.4106
0.0195	-1.0339	-0.1835	146.8506	36.9263	55.5420
-0.0183	-1.0271	-0.1941	139.0991	28.7476	52.6123
-0.0339	-1.0256	-0.2003	133.3618	25.7568	49.7437
-0.0547	-1.0225	-0.2163	128.1128	27.0386	47.3633
-0.0406	-1.0111	-0.2411	122.4976	30.6396	45.1660
0.0038	-1.0020	-0.2644	117.1265	35.0342	43.2129
0.0377	-1.0071	-0.2826	110.9009	36.0107	42.0532
0.0468	-1.0177	-0.2970	102.6611	32.1045	41.1377
0.0657	-1.0128	-0.3074	93.5669	25.2075	39.9780
0.0740	-1.0027	-0.3181	84.5947	17.6392	38.4521
0.0618	-1.0138	-0.3340	75.1343	10.7422	36.0718
0.0509	-1.0168	-0.3501	64.2700	5.4932	32.6538
0.0560	-1.0121	-0.3481	53.7720	1.8311	28.1372
0.0394	-0.9989	-0.3418	44.4946	-0.3052	23.3765
-0.0026	-0.9834	-0.3391	38.0859	-0.7935	19.4702
0.0007	-0.9818	-0.3470	35.6445	1.2817	17.8833
0.0303	-0.9772	-0.3538	34.7290	6.7749	17.7612
0.0457	-0.9874	-0.3667	34.7290	11.8408	17.7612
0.0399	-0.9844	-0.3751	33.2031	15.6250	17.2119
0.0592	-0.9862	-0.3848	31.6162	18.2495	16.1743
0.1060	-0.9878	-0.4030	30.2734	20.5688	15.4419
0.1357	-0.9972	-0.4163	28.3203	19.2261	14.0381
0.1322	-1.0006	-0.4385	24.4141	14.7095	10.9863
0.0914	-0.9884	-0.4562	19.1650	8.7891	6.6528
0.0399	-0.9689	-0.4580	14.6484	4.2725	2.4414
0.0155	-0.9625	-0.4895	14.4653	4.1504	-0.9155
0.0474	-0.9843	-0.6812	13.9771	8.8501	-2.8687
0.2091	-1.0961	-1.0292	0.4272	15.6250	-7.2021
0.3441	-1.2418	-1.1819	-46.3257	18.3716	-18.2495
0.4119	-1.3435	-1.4041	-115.2954	14.2822	-36.9873
0.5195	-1.4063	-1.6522	-201.9653	-2.1973	-63.9038
0.5498	-1.3945	-1.6746	-304.9316	-36.6211	-96.0083
0.5525	-1.1978	-1.7203	-390.1978	-77.6367	-134.9487
0.5360	-1.1445	-1.8799	-459.2285	-129.8828	-174.0723
0.6211	-1.1201	-2.0634	-526.0010	-182.6782	-204.9561
0.6531	-0.9547	-1.9357	-601.3184	-227.6611	-241.6992
0.3643	-0.6097	-1.7192	-656.2500	-257.8125	-290.7104
-0.0701	-0.5178	-1.3563	-682.3730	-269.5923	-335.7544
-0.5640	-0.3521	-0.8971	-703.7964	-243.5913	-358.2764
-0.9441	0.1681	-0.2465	-714.2334	-163.2690	-364.0137
-0.9590	0.8015	0.6179	-683.6548	-78.6743	-354.2480
-1.0295	1.3871	1.8467	-605.7739	-30.2734	-318.6646
-1.5588	1.7195	2.8569	-466.1255	-5.7373	-263.4277
-1.8162	1.8262	3.1819	-282.5317	17.3950	-180.9692
-1.4702	1.7441	2.9226	-95.7031	41.9312	-79.5898
-1.0684	1.3876	2.3077	60.7910	67.6270	10.3149
-0.7002	0.9861	1.6947	166.5649	78.9795	73.7915
-0.3271	0.6918	1.2058	220.3369	72.2046	111.0229
-0.0447	0.4327	0.8209	233.2153	60.5469	126.2817
0.0372	0.1857	0.5911	214.9658	45.5322	127.0142
0.0007	-0.0287	0.5140	177.9175	23.1323	116.4551
-0.1012	-0.1733	0.5042	137.1460	1.3428	98.0225
-0.2404	-0.2979	0.5259	102.4780	-14.7095	77.7588
-0.4025	-0.4154	0.5707	78.4912	-23.8037	60.3027
-0.5568	-0.5422	0.6133	68.5425	-25.5127	48.7061
-0.7145	-0.6624	0.6707	71.7163	-21.0571	44.3726
-0.7560	-0.7385	0.7003	86.1206	-12.8784	48.2788
-0.7468	-0.8257	0.7406	108.5815	-7.2632	59.7534
-0.7411	-0.8312	0.7164	136.7187	8.7891	69.4580
-0.6500	-0.8667	0.6481	165.1611	26.0620	78.4302
-0.5479	-0.8761	0.5485	187.9272	40.6494	87.4634
-0.4360	-0.8907	0.4434	201.3550	49.7437	95.7031
-0.2926	-0.9006	0.3317	205.7495	54.7485	102.1118
-0.2471	-0.9026	0.2765	199.8291	56.0913	105.1636
-0.2694	-0.9088	0.3733	183.7769	54.5654	107.6050
-0.1144	-0.8704	0.3540	167.2974	46.6309	104.1260
-0.1387	-0.8724	0.2867	169.9829	29.2358	100.4028
-0.1906	-0.8881	0.2439	167.9687	20.8130	99.3042
-0.1998	-0.9139	0.2347	168.2129	22.3389	95.7031
-0.1938	-0.9303	0.2177	170.6543	30.3955	90.9424
-0.1794	-0.9479	0.1796	174.9878	44.9219	86.3037
-0.1500	-0.9832	0.1223	179.7485	63.3545	80.5054
-0.0571	-1.0009	0.0861	182.0679	77.2095	72.2656
0.0104	-1.0112	0.0641	181.6406	86.9141	63.5376
0.0551	-1.0271	0.0388	179.4434	91.1255	55.7861
0.0743	-1.0399	0.0104	175.0488	90.4541	49.1333
0.0853	-1.0497	-0.0107	168.8843	86.3647	43.8232
0.0771	-1.0470	-0.0363	161.5601	80.7495	38.6353
0.0770	-1.0421	-0.0577	155.1514	74.2798	35.2173
0.0214	-1.0316	-0.0804	148.6816	67.9932	33.3862
0.0007	-1.0293	-0.0897	145.1416	62.0117	32.1045
0.0469	-1.0187	-0.1078	144.9585	59.0820	32.7148
0.0289	-1.0264	-0.1527	145.2637	57.1289	34.0576
-0.0005	-1.0208	-0.1458	143.9209	52.6733	34.7900
0.0349	-1.0211	-0.1688	143.2495	48.0347	35.8276
0.0596	-1.0297	-0.1926	140.9912	42.7856	36.3159
0.0397	-1.0444	-0.2394	135.1929	34.9121	36.4990
0.0089	-1.0168	-0.2435	127.1973	24.9023	36.1328
0.0005	-1.0051	-0.2299	120.9106	17.3340	35.0342
0.0077	-1.0059	-0.2396	117.0044	13.7329	34.4238
0.0040	-1.0177	-0.2627	113.7695	9.9487	33.0200
-0.0260	-1.0032	-0.2880	109.3750	6.1035	31.1279
-0.0222	-0.9816	-0.3027	106.7505	6.7139	29.5410
0.0085	-0.9752	-0.3201	106.2622	10.8643	29.9683
-0.0176	-0.9763	-0.3535	105.0415	13.7329	31.9824
0.0001	-0.9769	-0.3716	103.0884	16.7847	35.4614
0.0479	-0.9651	-0.3855	101.3794	21.4233	39.7339
0.0527	-0.9581	-0.3986	99.9146	23.4375	42.1753
0.0291	-0.9622	-0.4044	98.7549	22.7051	42.4805
0.0197	-0.9500	-0.4246	97.7173	22.6440	40.8936
0.0229	-0.9243	-0.4446	97.9614	24.2310	37.7197
0.0381	-0.8994	-0.4592	100.5859	27.3438	34.3018
0.0702	-0.8781	-0.5270	107.2998	30.0293	30.7617
0.2070	-0.9371	-0.7688	112.7930	31.3721	24.1089
0.3811	-1.1411	-1.1801	97.2900	28.9307	10.8643
0.4706	-1.4224	-1.5198	31.6162	26.3062	-8.1177
0.4547	-1.5719	-1.7177	-83.6182	24.1089	-31.7383
0.6566	-1.5339	-1.5854	-225.0366	14.3433	-66.4063
0.7928	-1.3375	-1.6603	-363.0371	-28.9307	-111.0840
0.4940	-1.1256	-2.2627	-481.2012	-85.8154	-163.8794
0.4586	-0.6763	-2.4851	-588.5010	-136.4746	-213.1348
0.6520	-0.4366	-2.3834	-668.8232	-184.1431	-262.6343
0.5773	-0.4299	-2.1254	-710.7544	-220.7642	-314.4531
0.2162	-0.3569	-1.7074	-732.6050	-240.3564	-346.6797
-0.1532	-0.1406	-1.0353	-739.3799	-249.4507	-361.5723
-0.4602	0.0551	-0.5120	-720.0317	-253.9062	-376.7090
-0.8383	0.6019	0.2437	-680.5420	-240.7227	-376.4648
-1.6030	1.3168	1.8203	-607.1777	-217.9565	-345.6421
-2.6586	1.4297	2.8469	-456.1768	-184.2041	-272.3389
-2.8208	1.3113	2.7970	-260.2539	-106.2622	-164.3677
-1.9766	1.2399	2.4646	-82.5195	5.2490	-47.9126
-1.1697	1.0238	2.1281	49.9878	102.2339	48.8281
-0.5920	0.7236	1.6980	144.1040	137.4512	119.2627
-0.2659	0.3961	1.2487	199.0356	119.4458	153.9307
-0.0944	0.0844	0.8416	219.1772	93.2617	162.6587
0.0750	-0.1841	0.5381	210.6934	65.4297	157.7759
0.2242	-0.4120	0.3474	184.1431	38.0859	138.4277
0.1409	-0.5907	0.3240	147.5830	13.0615	109.6802
-0.0437	-0.7335	0.3381	112.4268	-10.5591	81.7261
-0.2008	-0.8590	0.3400	87.5244	-27.0386	56.5186
-0.3821	-0.9868	0.3437	76.9653	-34.6680	38.0249
-0.4863	-1.0679	0.3558	79.0405	-31.1890	28.3203
-0.5900	-1.1085	0.3914	89.8438	-19.1040	26.1841
-0.6538	-1.1118	0.4000	105.1636	-2.1362	33.5693
-0.6310	-1.0439	0.5090	120.3003	17.3950	48.5840
-0.5328	-1.0433	0.3894	145.9961	50.9644	45.5322
-0.4131	-1.0144	0.3406	161.1938	68.5425	51.0254
-0.3134	-1.0005	0.3094	164.1235	69.0308	60.1807
-0.2734	-0.9961	0.2603	161.9873	64.5752	66.3452
-0.2496	-0.9764	0.2196	153.8696	56.8848	71.7773
-0.2175	-0.9779	0.1968	139.9536	47.2412	74.0356
-0.2389	-0.9579	0.1929	125.7324	38.6963	69.9463
-0.3298	-0.9576	0.2140	115.7837	32.0435	64.8804
-0.3228	-0.9518	0.2247	113.0981	32.1655	61.6455
-0.2886	-0.9509	0.2090	116.5161	41.6260	57.9834
-0.2623	-0.9752	0.1788	122.1313	53.5889	54.2603
-0.2172	-0.9875	0.1595	125.1221	63.2935	51.2085
-0.1357	-0.9969	0.1484	125.9155	69.2139	48.3398
-0.0547	-1.0082	0.1294	125.6714	70.9229	46.3257
-0.0060	-1.0278	0.1024	122.8638	64.3921	45.2881
-0.0204	-1.0430	0.0745	116.9434	51.5747	43.5181
-0.0474	-1.0424	0.0469	108.9478	37.9639	41.5649
-0.1112	-1.0188	0.0364	100.5859	25.8179	40.5884
-0.2046	-1.0194	0.0392	95.1538	18.3716	41.7480
-0.2074	-0.9979	0.0436	93.9331	19.9585	45.1660
-0.1720	-0.9910	0.0350	98.2056	29.7852	48.1567
-0.1428	-0.9806	0.0264	104.3701	39.7949	50.4150
-0.1064	-0.9836	0.0150	111.6333	47.1191	50.2319
-0.0590	-0.9836	-0.0055	119.6899	50.4761	48.5229
-0.0283	-1.0043	-0.0330	125.8545	49.8657	46.3257
-0.0098	-1.0132	-0.0629	128.6011	45.4102	42.9688
-0.0077	-1.0142	-0.0975	127.7466	37.9028	39.2456
-0.0156	-1.0228	-0.1490	123.4741	30.5786	35.7056
-0.0139	-1.0181	-0.1752	116.8213	23.8647	32.4707
-0.0205	-1.0033	-0.1875	110.4126	17.8223	30.2734
-0.0297	-0.9949	-0.1960	106.1401	14.0381	29.5410
-0.0441	-0.9994	-0.2101	104.3091	11.8408	30.3955
-0.0815	-0.9913	-0.2373	103.8208	11.2305	32.2876
-0.0939	-0.9711	-0.2294	103.8818	12.4512	35.6445
-0.0303	-0.9796	-0.2461	106.8726	15.3809	40.0391
-0.0051	-0.9895	-0.2778	108.5815	18.6157	42.5415
-0.0090	-1.0018	-0.3085	107.1777	18.0664	42.6636
-0.0006	-0.9952	-0.3208	103.2104	14.9536	41.4429
0.0151	-0.9927	-0.3499	99.4263	12.8784	39.0015
0.0211	-0.9995	-0.3878	94.7876	10.8032	35.6445
0.0078	-0.9949	-0.4174	89.2334	7.8125	31.7993
-0.0209	-0.9706	-0.4225	83.9844	5.3101	28.0762
-0.0330	-0.9542	-0.4220	80.8105	6.8970	25.7568
-0.0103	-0.9497	-0.4318	80.8105	11.5967	25.7568
0.0270	-0.9348	-0.4337	82.3975	16.1743	26.1841
0.0514	-0.9391	-0.4595	85.2051	19.4702	25.5127
0.0396	-0.9440	-0.5736	86.5479	20.3857	24.1699
0.0032	-1.0201	-0.9205	79.8950	22.4609	19.8364
0.1423	-1.2498	-1.3479	42.9077	34.9731	10.9253
0.3015	-1.4698	-1.4868	-44.3115	49.8047	-0.4272
0.4127	-1.5052	-1.4995	-159.5459	57.4951	-18.4326
0.5497	-1.4547	-1.4700	-280.1514	47.1191	-50.5371
0.4930	-1.2900	-1.5779	-391.1133	7.6904	-89.2334
0.5260	-0.9827	-1.7560	-477.3560	-52.0020	-127.8076
0.7539	-0.9043	-1.9097	-535.5225	-127.4414	-166.1377
0.8386	-0.8876	-2.0485	-577.5757	-195.3125	-220.3979
0.5222	-0.5890	-1.9767	-624.3286	-235.5957	-287.7808
0.1124	-0.2882	-1.4679	-670.7153	-252.2583	-343.9331
-0.0094	-0.1035	-0.8741	-687.9272	-252.5635	-384.2773
-0.1163	0.1262	-0.3872	-667.4805	-243.8965	-413.2080
-0.5603	0.5839	0.0757	-642.3340	-230.2246	-417.2974
-1.3046	1.1417	0.9659	-601.4404	-216.5527	-393.9209
-2.1675	1.3099	2.0481	-511.7187	-195.6177	-334.0454
-2.8901	1.4303	2.6809	-361.1450	-132.3853	-237.9150
-2.6268	1.4558	2.7682	-178.2837	-26.0010	-120.8496
-1.6870	1.2079	2.4739	-8.3618	78.9185	1.5259
-0.9127	0.7795	1.9847	126.3428	127.9297	101.3184
-0.4858	0.4381	1.4346	216.4917	115.0513	157.5317
-0.2444	0.1472	0.9133	263.3667	83.6182	178.9551
-0.1060	-0.1573	0.5319	273.4375	60.0586	182.2510
-0.0707	-0.3918	0.3251	256.2866	42.5415	174.9878
-0.0681	-0.5583	0.2211	227.8442	30.3955	159.6680
-0.0510	-0.6967	0.1732	195.3735	21.9727	144.2871
-0.1630	-0.8407	0.1920	163.8794	12.5732	130.3101
-0.2426	-0.9006	0.2675	136.9019	2.7466	117.6147
-0.2903	-0.9893	0.2401	124.0234	-6.4087	105.4077
-0.4031	-1.0137	0.2153	120.9717	-13.6108	99.1821
-0.4521	-1.0203	0.2263	120.7275	-14.6484	97.3511
-0.4813	-1.0215	0.2249	125.0610	-9.2163	99.1821
-0.4816	-1.0281	0.1949	133.9111	14.8315	90.3320
-0.4037	-1.0333	0.1716	139.3433	30.3345	85.8765
-0.3452	-1.0417	0.1597	141.0522	38.9404	83.8623
-0.2800	-1.0409	0.1462	139.9536	44.1895	80.9937
-0.2311	-1.0533	0.1216	136.1084	48.8892	76.9653
-0.1917	-1.0640	0.1107	128.3569	49.0723	71.2891
-0.1577	-1.0466	0.1117	119.0796	48.8892	62.1948
-0.1783	-1.0323	0.1224	110.7178	49.1943	52.9175
-0.1697	-1.0458	0.1185	104.0039	49.8047	46.5698
-0.1548	-1.0176	0.1217	99.2432	52.1240	42.4194
-0.1489	-1.0137	0.1306	97.4731	55.4199	39.7949
-0.1385	-1.0092	0.1436	97.4121	56.8848	38.6353
-0.1101	-1.0074	0.1578	98.8770	58.3496	37.3535
-0.0956	-1.0201	0.1511	102.3560	58.8989	35.7666
-0.1075	-1.0210	0.1195	104.0039	57.7393	32.9590
-0.0892	-1.0110	0.0944	103.5156	56.6406	29.1138
-0.0507	-1.0189	0.0798	102.2949	54.4434	25.8789
-0.0627	-1.0251	0.0696	100.0977	50.2930	24.2310
-0.0830	-1.0269	0.0475	98.0835	44.9829	22.6440
-0.0867	-1.0259	0.0156	95.7031	40.4053	21.6675
-0.1085	-1.0145	-0.0031	92.7734	37.9028	20.5688
-0.1368	-1.0135	-0.0126	90.5762	36.7432	20.0195
-0.1343	-1.0160	-0.0184	89.5996	37.9028	20.9961
-0.1062	-1.0164	-0.0344	90.9424	39.4897	22.2778
-0.0925	-1.0220	-0.0575	93.3228	39.4897	23.1323
-0.0885	-1.0233	-0.0785	94.1162	36.3159	23.1323
-0.0787	-1.0220	-0.1062	92.1631	31.3110	21.6064
-0.0704	-1.0275	-0.1194	88.3789	26.4893	19.8975
-0.0775	-1.0165	-0.1299	84.3506	21.9727	18.4326
-0.0824	-1.0173	-0.1360	80.2612	16.8457	16.9067
-0.0869	-1.0225	-0.1497	76.1719	10.9863	15.9302
-0.1007	-1.0250	-0.1779	70.6787	6.3477	15.6250
-0.1404	-1.0063	-0.1956	65.0635	2.4414	15.7471
-0.1412	-0.9956	-0.1770	62.1948	1.4648	16.9067
-0.1158	-0.9916	-0.1567	63.3545	3.9062	19.8975
-0.1543	-0.9996	-0.1595	66.5894	6.7139	23.1934
-0.1803	-0.9901	-0.1615	70.8618	9.8267	26.0620
-0.1371	-0.9755	-0.1681	77.2705	15.8081	28.8086
-0.0673	-0.9792	-0.2040	85.1440	22.2778	31.3110
-0.0240	-0.9838	-0.2543	91.6138	24.1699	32.1655
-0.0081	-0.9803	-0.3066	95.8862	20.2637	31.1279
-0.0117	-0.9779	-0.3827	99.0601	13.6719	29.5410
-0.0151	-0.9788	-0.5250	100.0366	8.1787	27.4658
0.0410	-1.0651	-0.8051	92.1631	7.4463	22.2168
0.1238	-1.2053	-1.1307	57.8613	12.0850	12.4512
0.3029	-1.3647	-1.3269	-8.7891	15.9912	-0.1221
0.3785	-1.3926	-1.2665	-93.9941	9.1553	-20.9961
0.3999	-1.3126	-1.3077	-170.7153	-12.1460	-54.0161
0.3596	-1.2828	-1.5265	-239.0747	-52.1851	-92.0410
0.2834	-1.2838	-1.8683	-312.0728	-94.1162	-127.9297
0.2809	-1.2314	-2.0110	-392.3340	-125.3052	-167.1753
0.2617	-1.1191	-1.9651	-478.8208	-145.3247	-209.9609
0.2635	-0.9794	-1.8781	-551.7578	-157.4707	-252.5635
0.3334	-0.7964	-1.7628	-608.5815	-168.3350	-288.2080
0.3009	-0.6329	-1.3944	-652.6489	-183.3496	-317.8101
0.0090	-0.4391	-0.9821	-681.2134	-196.9604	-343.8721
-0.4944	0.0162	-0.4031	-693.2983	-188.7817	-360.1074
-0.9509	0.5754	0.3555	-674.1333	-160.4004	-355.8960
-1.4186	1.0258	1.2197	-620.1782	-127.0752	-327.7588
-1.9146	1.3904	1.9392	-524.3530	-75.9888	-279.9072
-1.9824	1.6913	2.3566	-391.6626	-5.3101	-206.8481
-1.4849	1.8492	2.5802	-247.2534	56.4575	-102.9053
-1.0565	1.6869	2.5103	-103.6987	80.0781	3.8452
-0.7819	1.3927	2.1837	20.8130	62.1338	83.4351
-0.6073	1.0818	1.7491	115.1123	27.2217	132.2021
-0.4617	0.7745	1.3057	177.3682	-2.9297	158.1421
-0.3032	0.5095	0.9170	210.3882	-11.1694	166.5649
-0.1809	0.2223	0.6714	216.7969	-2.6855	160.1562
-0.1392	-0.0433	0.5671	205.6274	7.2632	139.9536
-0.0980	-0.3218	0.4968	187.7441	14.0381	113.5254
-0.1820	-0.5685	0.4781	169.9829	15.1367	85.6934
-0.3612	-0.8263	0.4379	160.4004	9.4604	64.6973
-0.4761	-0.9698	0.4004	159.7290	6.6528	54.3823
-0.5730	-1.0544	0.3760	165.7715	10.2539	53.9551
-0.6622	-1.0920	0.3600	174.8047	15.8691	60.9131
-0.7002	-1.0773	0.3315	185.1196	26.5503	69.3359
-0.6768	-1.0664	0.2968	195.3735	46.2646	74.0967
-0.5758	-1.0371	0.2408	201.5381	64.6362	83.6182
-0.5471	-0.9208	0.4342	197.8149	78.2471	90.4541
-0.3676	-0.9255	0.3007	203.1250	78.9795	92.1631
-0.3978	-0.8652	0.2345	205.4443	75.4395	98.3887
-0.3602	-0.8905	0.2416	201.7212	78.9185	103.5156
-0.3016	-0.8961	0.2305	196.1670	79.0405	105.1636
-0.2761	-0.9033	0.1908	192.2607	76.9653	102.1729
-0.2869	-0.9146	0.1532	188.2935	75.3174	98.2666
-0.2590	-0.9214	0.1333	186.4624	76.1108	92.6514
-0.2137	-0.9381	0.1073	187.7441	81.4819	86.3647
-0.1477	-0.9623	0.0664	188.9648	85.2661	80.1392
-0.0704	-0.9817	0.0353	187.5000	83.9233	74.8291
-0.0397	-0.9983	0.0017	183.2275	79.2847	69.9463
-0.0271	-1.0293	-0.0472	175.7812	70.1904	67.2607
-0.0186	-1.0435	-0.0950	164.3677	58.1665	62.9883
-0.0188	-1.0525	-0.1263	150.2075	45.6543	58.1665
-0.0131	-1.0612	-0.1375	135.9253	35.7666	53.2837
-0.0110	-1.0662	-0.1635	122.9248	25.6958	49.5605
-0.0358	-1.0627	-0.1914	109.4971	13.4277	47.2412
-0.1118	-1.0519	-0.2047	96.1304	2.9907	43.3350
-0.1643	-1.0475	-0.1868	84.7778	-1.3428	41.0767
-0.1610	-1.0211	-0.1747	76.3550	2.5635	41.6260
-0.1570	-1.0114	-0.1541	70.8618	11.3525	41.5649
-0.1416	-1.0077	-0.1294	67.4438	20.3857	39.6729
-0.1021	-1.0015	-0.1073	67.3218	28.9917	36.7432
-0.0522	-1.0037	-0.1182	69.9463	35.8887	33.9355
-0.0225	-1.0099	-0.1316	71.5942	37.9639	30.8838
0.0078	-1.0082	-0.1382	71.2891	34.4238	27.5269
0.0233	-1.0020	-0.1456	70.0684	27.7100	24.7803
0.0256	-1.0048	-0.1443	68.7866	19.2871	23.0103
0.0077	-1.0017	-0.1478	67.5659	9.5825	21.9116
-0.0421	-0.9979	-0.1554	65.7349	0.7935	20.8130
-0.0909	-0.9803	-0.1621	64.9414	-3.7842	20.5078
-0.1216	-0.9636	-0.1587	66.4063	-3.3569	22.6440
-0.1598	-0.9622	-0.1569	71.5942	0.8545	26.5503
-0.1332	-0.9657	-0.1705	79.3457	8.6060	31.9824
-0.0985	-0.9733	-0.1979	86.6089	18.7378	36.6211
-0.0647	-0.9841	-0.2246	92.2241	27.8931	38.3301
0.0143	-0.9790	-0.2479	97.0459	32.1655	38.8794
0.0782	-0.9972	-0.2799	100.5249	30.0293	38.5132
0.0665	-1.0083	-0.3335	100.0366	22.6440	36.9873
0.0283	-0.9949	-0.3627	95.8252	12.5122	34.5459
0.0068	-0.9709	-0.3657	92.3462	3.7842	32.8369
-0.0088	-0.9564	-0.3663	93.3838	-1.4648	32.8369
-0.0450	-0.9471	-0.3676	98.0225	-3.5400	34.6680
-0.0760	-0.9221	-0.3763	106.0791	-1.3428	36.4380
-0.0856	-0.8903	-0.3689	118.2861	5.9814	37.6587
-0.0687	-0.8700	-0.3804	133.6060	16.8457	39.3677
